2010-10-24 06:25:53,2010-10-24 13:22:33,NOCOMMS
2010-10-30 14:57:16,2010-11-02 13:29:54,DATACHECK
2010-11-05 11:40:17,2010-11-05 12:59:51,DATACHECK
2010-11-05 18:07:37,2010-11-06 15:30:01,DATACHECK
2010-11-07 00:59:59,2010-11-07 01:14:49,DATACHECK
2010-11-07 00:59:59,2010-11-07 01:14:49,DATACHECK
2010-11-07 00:59:59,2010-11-07 01:14:49,DATACHECK
2010-11-07 00:59:59,2010-11-07 01:14:49,DATACHECK
2010-11-07 00:59:59,2010-11-07 01:14:50,DATACHECK
2010-11-07 00:59:47,2010-11-07 01:14:51,DATACHECK
2010-11-07 00:59:48,2010-11-07 01:14:52,DATACHECK
2010-11-07 00:59:52,2010-11-07 01:14:56,DATACHECK
2010-11-07 00:59:59,2010-11-07 01:14:59,DATACHECK
2010-11-07 00:59:59,2010-11-07 01:14:59,DATACHECK
2010-11-07 00:59:59,2010-11-07 01:14:59,DATACHECK
2010-11-09 16:15:01,2010-11-09 17:45:00,DeltaT1CoolingZoneInSpec
2010-11-09 18:39:39,2010-11-10 11:29:56,DATACHECK
2010-11-11 17:07:21,2010-11-15 11:15:00,DATACHECK
2010-11-17 09:13:45,2010-11-17 09:59:47,DATACHECK
2010-11-18 15:32:38,2010-11-18 16:44:59,DATACHECK
2010-11-20 14:34:41,2010-11-24 10:59:48,DATACHECK
2010-11-26 19:07:13,2010-11-30 08:29:57,DATACHECK
2010-11-30 10:05:26,2010-11-30 10:44:53,DATACHECK
2010-12-01 17:13:15,2010-12-02 09:14:48,DATACHECK
2010-12-02 21:58:14,2010-12-03 11:00:01,DATACHECK
2010-12-12 10:14:55,2010-12-12 13:29:51,HeatingZoneNotSpec
2010-12-12 13:44:56,2010-12-12 13:59:59,HeatingZoneNotSpec
2010-12-14 10:14:51,2010-12-14 10:29:56,HeatingZoneNotSpec
2010-12-14 11:59:58,2010-12-14 12:14:50,HeatingZoneNotSpec
2010-12-20 08:14:56,2010-12-20 09:29:57,HeatingZoneNotSpec
2010-12-21 09:50:18,2010-12-21 11:14:58,DATACHECK
2010-12-26 08:29:56,2010-12-26 08:44:48,HeatingZoneNotSpec
2010-12-26 09:29:49,2010-12-26 10:14:50,HeatingZoneNotSpec
2010-12-26 10:59:53,2010-12-26 11:14:59,HeatingZoneNotSpec
2010-12-27 09:59:49,2010-12-27 10:29:57,HeatingZoneNotSpec
2010-12-28 09:59:57,2010-12-28 10:14:48,HeatingZoneNotSpec
2011-01-04 13:23:10,2011-01-04 16:52:43,NOCOMMS
2011-01-08 10:00:00,2011-01-08 10:14:51,HeatingZoneNotSpec
2011-01-09 13:34:59,2011-01-09 20:20:14,NOCOMMS
2011-01-11 11:44:53,2011-01-11 11:59:58,HeatingZoneNotSpec
2011-01-12 09:44:52,2011-01-12 11:59:53,HeatingZoneNotSpec
2011-01-12 12:59:59,2011-01-12 13:14:51,HeatingZoneNotSpec
2011-01-12 15:30:00,2011-01-12 16:29:54,HeatingZoneNotSpec
2011-01-13 05:13:36,2011-01-13 09:23:02,NOCOMMS
2011-01-13 09:14:48,2011-01-13 11:29:49,HeatingZoneNotSpec
2011-01-13 13:29:50,2011-01-13 14:00:00,HeatingZoneNotSpec
2011-02-07 13:14:24,2011-02-07 14:49:51,NOCOMMS
2011-02-09 03:56:07,2011-02-09 10:16:34,NOCOMMS
2011-02-17 16:10:19,2011-02-19 16:29:52,DATACHECK
2011-02-28 11:52:41,2011-02-28 12:07:41,strategies.xml
2011-03-01 07:00:52,2011-03-01 13:49:02,NOCOMMS
2011-03-15 11:44:54,2011-03-15 13:44:57,HeatingZoneNotSpec
2011-03-18 07:49:15,2011-03-18 11:53:15,NOCOMMS
2011-03-16 11:48:35,2011-03-21 15:44:49,DATACHECK
2011-03-21 16:32:35,2011-03-21 16:47:35,strategies.xml
2011-03-21 18:14:52,2011-03-21 20:44:50,DeltaT1CoolingZoneInSpec
2011-03-23 17:15:01,2011-03-23 21:29:59,DeltaT1CoolingZoneInSpec
2011-03-26 03:14:53,2011-03-28 10:03:01,DATACHECK
2011-03-26 03:14:55,2011-03-28 10:14:43,DATACHECK
2011-03-26 03:14:59,2011-03-28 10:14:48,DATACHECK
2011-03-26 09:32:20,2011-03-28 14:49:35,NOCOMMS
2011-03-26 03:14:52,2011-03-29 12:14:51,DATACHECK
2011-03-26 03:14:52,2011-03-29 12:14:51,DATACHECK
2011-03-26 03:14:52,2011-03-29 12:14:51,DATACHECK
2011-03-26 03:14:52,2011-03-29 12:14:51,DATACHECK
2011-03-26 03:14:54,2011-03-29 12:14:53,DATACHECK
2011-03-26 03:15:00,2011-03-29 12:15:00,DATACHECK
2011-03-26 03:15:00,2011-03-29 12:15:00,DATACHECK
2011-03-26 03:15:00,2011-03-29 12:15:00,DATACHECK
2011-04-03 17:14:50,2011-04-03 20:30:00,DeltaT1CoolingZoneInSpec
2011-04-08 15:59:59,2011-04-08 16:29:57,DeltaT1CoolingZoneInSpec
2011-04-08 16:29:57,2011-04-08 16:44:52,DeltaT1CoolingZoneNotSpec
2011-04-08 16:44:52,2011-04-09 00:29:53,DeltaT1CoolingZoneInSpec
2011-04-09 14:59:53,2011-04-09 15:14:48,SupplyTempTooCold
2011-04-09 15:44:59,2011-04-09 16:29:53,SupplyTempTooCold
2011-04-09 22:00:00,2011-04-09 23:14:56,RuntimeExcessive
2011-04-09 09:59:49,2011-04-09 23:59:53,DeltaT1CoolingZoneInSpec
2011-04-09 21:14:54,2011-04-10 00:29:51,RuntimeExcessive
2011-04-09 23:59:53,2011-04-10 00:29:51,DeltaT1CoolingZoneNotSpec
2011-04-10 13:59:54,2011-04-10 14:29:53,SupplyTempTooCold
2011-04-10 15:44:57,2011-04-10 16:29:48,SupplyTempTooCold
2011-04-10 10:59:51,2011-04-10 16:44:57,DeltaT1CoolingZoneInSpec
2011-04-10 16:44:57,2011-04-10 17:14:55,DeltaT1CoolingZoneNotSpec
2011-04-10 17:00:00,2011-04-10 17:30:01,SupplyTempTooCold
2011-04-10 17:14:55,2011-04-10 22:59:50,DeltaT1CoolingZoneInSpec
2011-04-10 22:14:55,2011-04-10 23:29:53,RuntimeExcessive
2011-04-10 22:59:50,2011-04-10 23:29:53,DeltaT1CoolingZoneNotSpec
2011-04-11 09:59:54,2011-04-11 11:29:50,DeltaT1CoolingZoneInSpec
2011-04-12 17:44:50,2011-04-12 21:59:55,DeltaT1CoolingZoneInSpec
2011-04-13 17:00:01,2011-04-13 23:29:49,DeltaT1CoolingZoneInSpec
2011-04-14 17:44:53,2011-04-14 19:14:56,DeltaT1CoolingZoneInSpec
2011-04-15 03:44:54,2011-04-15 04:30:53,DATACHECK
2011-04-15 03:45:00,2011-04-15 04:30:53,DATACHECK
2011-04-15 03:45:00,2011-04-15 04:30:53,DATACHECK
2011-04-15 03:45:00,2011-04-15 04:30:53,DATACHECK
2011-04-15 03:44:54,2011-04-15 04:30:53,DATACHECK
2011-04-15 03:44:54,2011-04-15 04:30:53,DATACHECK
2011-04-15 03:44:55,2011-04-15 04:30:54,DATACHECK
2011-04-15 03:44:54,2011-04-15 04:30:54,DATACHECK
2011-04-15 03:44:56,2011-04-15 04:44:56,DATACHECK
2011-04-15 03:44:57,2011-04-15 04:44:57,DATACHECK
2011-04-15 03:45:00,2011-04-15 04:45:00,DATACHECK
2011-04-19 09:59:55,2011-04-19 15:29:52,DeltaT1CoolingZoneInSpec
2011-04-19 15:29:52,2011-04-19 16:44:50,DeltaT1CoolingZoneNotSpec
2011-04-19 16:44:50,2011-04-19 17:00:01,DeltaT1CoolingZoneInSpec
2011-04-19 13:30:00,2011-04-19 18:29:53,SupplyTempTooCold
2011-04-19 17:00:01,2011-04-19 20:29:55,DeltaT1CoolingZoneNotSpec
2011-04-19 21:59:58,2011-04-19 22:14:57,RuntimeExcessive
2011-04-19 20:29:55,2011-04-19 23:00:01,DeltaT1CoolingZoneInSpec
2011-04-19 21:14:57,2011-04-19 23:29:55,RuntimeExcessive
2011-04-19 23:00:01,2011-04-19 23:29:55,DeltaT1CoolingZoneNotSpec
2011-04-22 17:14:50,2011-04-22 20:59:56,DeltaT1CoolingZoneInSpec
2011-04-23 09:59:48,2011-04-23 11:44:56,DeltaT1CoolingZoneInSpec
2011-04-24 10:59:57,2011-04-24 13:59:58,DeltaT1CoolingZoneInSpec
2011-04-29 17:44:59,2011-04-29 20:29:58,DeltaT1CoolingZoneInSpec
2011-05-02 18:14:18,2011-05-02 18:29:18,scheduler.xml
2011-05-04 03:53:41,2011-05-04 10:19:42,NOCOMMS
2011-05-04 11:14:51,2011-05-04 14:14:55,DATACHECK
2011-05-08 14:44:48,2011-05-08 19:44:55,SupplyTempTooCold
2011-05-04 14:18:56,2011-05-09 09:59:50,DATACHECK
2011-05-09 14:59:59,2011-05-09 15:29:52,SupplyTempTooCold
2011-05-09 15:44:48,2011-05-09 16:44:49,SupplyTempTooCold
2011-05-09 17:29:53,2011-05-09 18:29:51,SupplyTempTooCold
2011-05-09 11:44:55,2011-05-09 18:44:48,DeltaT1CoolingZoneInSpec
2011-05-09 18:44:48,2011-05-09 19:29:50,DeltaT1CoolingZoneNotSpec
2011-05-09 19:29:50,2011-05-09 19:44:59,DeltaT1CoolingZoneInSpec
2011-05-09 19:44:59,2011-05-09 19:59:55,DeltaT1CoolingZoneNotSpec
2011-05-09 18:45:00,2011-05-09 20:44:55,CoolingZoneNotSpec
2011-05-09 19:59:55,2011-05-09 21:14:49,DeltaT1CoolingZoneInSpec
2011-05-09 22:59:59,2011-05-09 23:29:52,RuntimeExcessive
2011-05-09 21:14:49,2011-05-09 23:29:52,DeltaT1CoolingZoneNotSpec
2011-05-10 02:02:36,2011-05-10 10:45:57,NOCOMMS
2011-05-10 09:59:52,2011-05-10 12:44:55,DeltaT1CoolingZoneInSpec
2011-05-10 15:14:56,2011-05-10 16:45:00,SupplyTempTooCold
2011-05-10 16:45:00,2011-05-10 16:59:56,CoolingZoneNotSpec
2011-05-10 16:59:56,2011-05-10 19:29:58,SupplyTempTooCold
2011-05-10 12:44:55,2011-05-10 23:29:51,DeltaT1CoolingZoneNotSpec
2011-05-10 21:15:01,2011-05-10 23:29:51,RuntimeExcessive
2011-05-11 09:59:53,2011-05-11 14:14:48,DeltaT1CoolingZoneInSpec
2011-05-11 15:14:59,2011-05-11 15:29:54,SupplyTempTooCold
2011-05-11 15:44:50,2011-05-11 16:00:01,CoolingZoneNotSpec
2011-05-11 16:00:01,2011-05-11 16:29:55,SupplyTempTooCold
2011-05-11 16:29:55,2011-05-11 20:14:53,CoolingZoneNotSpec
2011-05-11 14:14:48,2011-05-11 23:29:52,DeltaT1CoolingZoneNotSpec
2011-05-11 21:14:57,2011-05-11 23:29:52,RuntimeExcessive
2011-05-12 09:59:55,2011-05-12 14:14:59,DeltaT1CoolingZoneInSpec
2011-05-12 14:29:53,2011-05-12 14:44:50,SupplyTempTooCold
2011-05-12 15:14:56,2011-05-12 16:14:54,CoolingZoneNotSpec
2011-05-12 16:14:54,2011-05-12 19:14:53,SupplyTempTooCold
2011-05-12 19:14:53,2011-05-12 21:14:55,CoolingZoneNotSpec
2011-05-12 14:14:59,2011-05-12 23:29:49,DeltaT1CoolingZoneNotSpec
2011-05-12 21:14:57,2011-05-12 23:29:49,RuntimeExcessive
2011-05-13 21:14:57,2011-05-13 22:14:56,RuntimeExcessive
2011-05-13 09:59:48,2011-05-14 00:29:56,DeltaT1CoolingZoneInSpec
2011-05-13 21:14:59,2011-05-14 00:29:56,RuntimeExcessive
2011-05-14 07:14:55,2011-05-14 09:14:59,DeltaT1CoolingZoneInSpec
2011-05-14 09:59:55,2011-05-14 10:14:49,SupplyTempTooCold
2011-05-15 13:10:24,2011-05-15 22:08:05,NOCOMMS
2011-05-16 20:45:00,2011-05-16 23:29:59,DeltaT1CoolingZoneInSpec
2011-05-17 22:59:56,2011-05-17 23:29:50,DeltaT1CoolingZoneInSpec
2011-04-09 16:44:59,2011-05-18 05:14:58,OSLReadingsLow
2011-05-18 22:59:49,2011-05-18 23:29:55,DeltaT1CoolingZoneInSpec
2011-05-18 05:14:58,2011-05-19 05:44:57,ShortCircuit
2011-05-19 14:59:58,2011-05-19 22:44:52,DeltaT1CoolingZoneInSpec
2011-05-19 22:44:52,2011-05-19 23:29:58,DeltaT1CoolingZoneNotSpec
2011-05-20 09:59:50,2011-05-20 13:29:51,DeltaT1CoolingZoneInSpec
2011-05-20 13:29:51,2011-05-20 13:44:48,DeltaT1CoolingZoneNotSpec
2011-05-20 14:59:56,2011-05-23 10:38:59,DATACHECK
2011-05-20 14:59:58,2011-05-23 10:44:42,DATACHECK
2011-05-20 13:44:48,2011-05-23 10:44:42,DeltaT1CoolingZoneInSpec
2011-05-20 14:59:48,2011-05-23 10:44:47,DATACHECK
2011-05-20 14:59:55,2011-05-23 11:32:55,DATACHECK
2011-05-20 14:59:55,2011-05-23 11:32:55,DATACHECK
2011-05-20 14:59:59,2011-05-23 11:32:55,DATACHECK
2011-05-20 14:59:59,2011-05-23 11:32:55,DATACHECK
2011-05-20 14:59:59,2011-05-23 11:32:55,DATACHECK
2011-05-20 14:59:55,2011-05-23 11:32:55,DATACHECK
2011-05-20 14:59:57,2011-05-23 11:32:55,DATACHECK
2011-05-20 14:59:55,2011-05-23 11:32:55,DATACHECK
2011-05-20 19:50:17,2011-05-23 11:51:50,NOCOMMS
2011-05-23 11:45:56,2011-05-23 14:29:57,DATACHECK
2011-05-23 11:45:56,2011-05-23 14:29:57,DATACHECK
2011-05-23 11:45:56,2011-05-23 14:29:57,DATACHECK
2011-05-23 11:45:56,2011-05-23 14:29:57,DATACHECK
2011-05-23 11:45:56,2011-05-23 14:29:59,DATACHECK
2011-05-23 11:45:56,2011-05-23 14:29:59,DATACHECK
2011-05-23 11:45:56,2011-05-23 14:29:59,DATACHECK
2011-05-23 11:45:56,2011-05-23 14:29:59,DATACHECK
2011-05-23 12:00:02,2011-05-23 19:44:57,DeltaT1CoolingZoneInSpec
2011-05-23 22:44:57,2011-05-23 23:29:52,DeltaT1CoolingZoneInSpec
2011-05-24 09:59:57,2011-05-24 10:14:50,DeltaT1CoolingZoneInSpec
2011-05-19 05:44:57,2011-05-24 11:59:56,OSLReadingsLow
2011-05-24 15:59:51,2011-05-24 16:44:59,SupplyTempTooCold
2011-05-24 16:59:53,2011-05-24 19:29:58,SupplyTempTooCold
2011-05-24 12:14:53,2011-05-24 21:44:59,DeltaT1CoolingZoneInSpec
2011-05-25 09:14:48,2011-05-25 14:14:53,DeltaT1CoolingZoneInSpec
2011-05-25 13:59:58,2011-05-25 15:44:56,SupplyTempTooCold
2011-05-25 16:59:52,2011-05-25 19:59:55,SupplyTempTooCold
2011-05-25 20:29:57,2011-05-25 21:14:51,RuntimeExcessive
2011-05-25 14:59:48,2011-05-25 21:29:48,DeltaT1CoolingZoneInSpec
2011-05-25 20:29:59,2011-05-25 23:29:54,RuntimeExcessive
2011-05-26 23:14:48,2011-05-26 23:29:57,DeltaT1CoolingZoneInSpec
2011-05-28 16:44:59,2011-05-28 20:29:53,SupplyTempTooCold
2011-05-28 15:14:49,2011-05-28 22:29:58,DeltaT1CoolingZoneInSpec
2011-05-29 13:14:56,2011-05-29 14:44:55,SupplyTempTooCold
2011-05-29 10:44:54,2011-05-29 14:44:57,DeltaT1CoolingZoneInSpec
2011-05-29 14:44:55,2011-05-29 14:59:48,CoolingZoneNotSpec
2011-05-29 15:30:00,2011-05-29 19:14:58,CoolingZoneNotSpec
2011-05-29 19:14:58,2011-05-29 20:44:49,SupplyTempTooCold
2011-05-29 20:14:50,2011-05-29 20:59:59,DeltaT1CoolingZoneInSpec
2011-05-29 20:44:49,2011-05-29 21:14:52,CoolingZoneNotSpec
2011-05-29 21:59:50,2011-05-29 23:29:56,RuntimeExcessive
2011-05-30 09:59:52,2011-05-30 13:14:51,DeltaT1CoolingZoneInSpec
2011-05-30 12:59:56,2011-05-30 13:29:57,SupplyTempTooCold
2011-05-30 13:59:56,2011-05-30 14:44:51,SupplyTempTooCold
2011-05-30 13:29:59,2011-05-30 14:44:53,DeltaT1CoolingZoneInSpec
2011-05-30 14:44:51,2011-05-30 15:59:59,CoolingZoneNotSpec
2011-05-30 15:59:59,2011-05-30 16:14:54,DeltaT2CoolingZoneNotSpec
2011-05-30 16:14:54,2011-05-30 19:44:59,CoolingZoneNotSpec
2011-05-30 19:44:59,2011-05-30 20:59:55,SupplyTempTooCold
2011-05-30 20:59:55,2011-05-30 21:14:50,CoolingZoneNotSpec
2011-05-30 21:14:52,2011-05-30 23:29:51,RuntimeExcessive
2011-05-31 09:14:52,2011-05-31 09:59:59,DeltaT1CoolingZoneInSpec
2011-05-31 10:14:51,2011-05-31 10:44:52,SupplyTempTooCold
2011-05-31 10:59:59,2011-05-31 11:30:00,SupplyTempTooCold
2011-05-31 11:44:52,2011-05-31 13:29:58,SupplyTempTooCold
2011-05-31 13:29:58,2011-05-31 20:59:57,CoolingZoneNotSpec
2011-05-31 20:29:58,2011-05-31 21:14:54,RuntimeExcessive
2011-05-31 20:59:57,2011-05-31 21:14:54,SupplyTempTooCold
2011-05-31 20:30:00,2011-06-01 04:14:57,RuntimeExcessive
2011-05-31 23:29:52,2011-06-01 04:14:57,DeltaT1CoolingZoneInSpec
2011-06-01 09:14:57,2011-06-01 10:14:57,OutputSetToOff
2011-06-01 09:59:52,2011-06-01 10:15:00,DeltaT1CoolingZoneInSpec
2011-06-01 10:29:50,2011-06-01 10:59:50,OutputSetToOff
2011-06-01 10:45:00,2011-06-01 10:59:53,DeltaT1CoolingZoneInSpec
2011-06-01 11:59:52,2011-06-01 12:14:57,OutputSetToOff
2011-06-01 10:44:58,2011-06-01 12:14:58,SupplyTempTooCold
2011-06-01 13:29:49,2011-06-01 13:59:51,OutputSetToOff
2011-06-01 15:14:59,2011-06-01 15:59:55,OutputSetToOff
2011-06-01 16:14:48,2011-06-01 16:29:55,OutputSetToOff
2011-06-01 17:14:49,2011-06-01 17:29:55,OutputSetToOff
2011-06-01 17:59:55,2011-06-01 18:14:49,OutputSetToOff
2011-06-01 18:14:49,2011-06-01 20:29:48,OutputSetToOn
2011-06-01 12:59:51,2011-06-01 21:14:56,CoolingZoneNotSpec
2011-06-01 23:29:57,2011-06-02 08:59:59,DeltaT1CoolingZoneInSpec
2011-06-02 10:44:51,2011-06-02 11:44:53,SupplyTempTooCold
2011-06-02 12:14:54,2011-06-02 21:14:49,CoolingZoneNotSpec
2011-06-01 21:14:58,2011-06-03 05:45:00,RuntimeExcessive
2011-06-02 23:29:50,2011-06-03 05:45:00,DeltaT1CoolingZoneInSpec
2011-06-03 09:45:41,2011-06-03 10:00:41,scheduler.xml
2011-06-03 09:45:41,2011-06-03 10:15:41,SaveSiteSchedule
2011-06-03 09:59:50,2011-06-03 10:29:51,CoolingZoneNotSpec
2011-06-03 10:29:51,2011-06-03 10:44:57,SupplyTempTooCold
2011-06-03 10:44:57,2011-06-03 22:15:00,CoolingZoneNotSpec
2011-06-03 20:44:56,2011-06-03 22:15:00,RuntimeExcessive
2011-06-03 20:44:58,2011-06-04 07:59:49,RuntimeExcessive
2011-06-04 00:29:55,2011-06-04 07:59:49,DeltaT1CoolingZoneInSpec
2011-06-04 09:59:49,2011-06-04 11:14:54,SupplyTempTooCold
2011-06-04 11:14:54,2011-06-04 22:15:00,CoolingZoneNotSpec
2011-06-04 21:14:57,2011-06-04 22:15:00,RuntimeExcessive
2011-06-05 00:29:55,2011-06-05 09:59:58,DeltaT1CoolingZoneInSpec
2011-06-05 10:59:54,2011-06-05 20:44:49,CoolingZoneNotSpec
2011-06-05 20:44:49,2011-06-05 21:14:50,SupplyTempTooCold
2011-06-05 23:29:51,2011-06-06 07:14:55,DeltaT1CoolingZoneInSpec
2011-06-04 21:14:59,2011-06-06 08:14:57,RuntimeExcessive
2011-06-06 10:44:56,2011-06-06 13:00:00,SupplyTempTooCold
2011-06-06 13:00:00,2011-06-06 20:59:55,CoolingZoneNotSpec
2011-06-06 20:59:55,2011-06-06 21:14:52,SupplyTempTooCold
2011-06-06 23:29:55,2011-06-07 08:59:59,DeltaT1CoolingZoneInSpec
2011-06-07 09:59:59,2011-06-07 11:29:49,SupplyTempTooCold
2011-06-07 11:29:49,2011-06-07 21:14:58,CoolingZoneNotSpec
2011-06-07 23:29:55,2011-06-08 08:44:53,DeltaT1CoolingZoneInSpec
2011-06-08 09:44:51,2011-06-08 10:29:59,CoolingZoneNotSpec
2011-06-08 10:29:59,2011-06-08 10:44:53,SupplyTempTooCold
2011-06-08 10:44:53,2011-06-08 11:00:00,CoolingZoneNotSpec
2011-06-08 11:00:00,2011-06-08 11:59:53,SupplyTempTooCold
2011-06-08 11:59:53,2011-06-08 21:14:58,CoolingZoneNotSpec
2011-06-08 20:59:50,2011-06-08 21:14:58,RuntimeExcessive
2011-06-06 21:14:54,2011-06-08 23:44:59,RuntimeExcessive
2011-06-08 23:30:00,2011-06-09 08:29:50,DeltaT1CoolingZoneInSpec
2011-06-09 09:29:51,2011-06-09 10:14:59,CoolingZoneNotSpec
2011-06-09 10:14:59,2011-06-09 12:14:52,SupplyTempTooCold
2011-06-09 12:14:52,2011-06-09 21:14:52,CoolingZoneNotSpec
2011-06-09 20:44:49,2011-06-09 21:14:52,RuntimeExcessive
2011-06-09 11:59:59,2011-06-10 07:44:57,RuntimeExcessive
2011-06-09 23:29:49,2011-06-10 07:44:57,DeltaT1CoolingZoneInSpec
2011-06-10 09:59:51,2011-06-10 11:59:55,SupplyTempTooCold
2011-06-10 11:59:55,2011-06-10 22:14:52,CoolingZoneNotSpec
2011-06-10 21:15:01,2011-06-10 22:14:52,RuntimeExcessive
2011-06-10 21:14:49,2011-06-11 08:29:53,RuntimeExcessive
2011-06-11 00:29:58,2011-06-11 08:29:53,DeltaT1CoolingZoneInSpec
2011-06-11 09:59:55,2011-06-11 11:29:53,SupplyTempTooCold
2011-06-11 11:29:53,2011-06-11 22:14:54,CoolingZoneNotSpec
2011-06-11 21:14:52,2011-06-11 22:14:54,RuntimeExcessive
2011-06-11 21:14:54,2011-06-12 00:29:58,RuntimeExcessive
2011-06-12 10:59:59,2011-06-12 12:44:52,CoolingZoneNotSpec
2011-06-12 12:44:52,2011-06-12 13:14:52,SupplyTempTooCold
2011-06-12 13:14:52,2011-06-12 20:14:49,CoolingZoneNotSpec
2011-06-12 20:14:49,2011-06-12 21:14:52,SupplyTempTooCold
2011-06-12 23:29:54,2011-06-13 07:44:59,DeltaT1CoolingZoneInSpec
2011-06-12 22:14:57,2011-06-13 08:45:00,RuntimeExcessive
2011-06-13 11:29:54,2011-06-13 11:44:50,CoolingZoneNotSpec
2011-06-13 11:44:50,2011-06-13 13:59:54,SupplyTempTooCold
2011-06-13 13:59:54,2011-06-13 21:14:49,CoolingZoneNotSpec
2011-06-13 21:14:51,2011-06-13 23:44:53,RuntimeExcessive
2011-06-13 23:29:59,2011-06-13 23:44:53,DeltaT1CoolingZoneInSpec
2011-06-14 09:59:58,2011-06-14 10:44:52,CoolingZoneNotSpec
2011-06-14 11:14:51,2011-06-14 11:44:51,CoolingZoneNotSpec
2011-06-14 11:44:51,2011-06-14 11:59:58,SupplyTempTooCold
2011-06-14 11:59:58,2011-06-14 12:14:53,CoolingZoneNotSpec
2011-06-14 12:14:53,2011-06-14 12:29:58,SupplyTempTooCold
2011-06-14 12:29:58,2011-06-14 21:14:49,CoolingZoneNotSpec
2011-06-14 23:29:56,2011-06-15 08:59:50,DeltaT1CoolingZoneInSpec
2011-06-15 09:59:51,2011-06-15 10:29:51,CoolingZoneNotSpec
2011-06-15 10:29:51,2011-06-15 11:59:54,SupplyTempTooCold
2011-06-15 11:59:54,2011-06-15 20:59:48,CoolingZoneNotSpec
2011-06-15 20:59:48,2011-06-15 21:14:57,SupplyTempTooCold
2011-06-15 23:29:56,2011-06-16 09:00:00,DeltaT1CoolingZoneInSpec
2011-06-16 10:00:00,2011-06-16 11:30:00,CoolingZoneNotSpec
2011-06-16 11:30:00,2011-06-16 13:29:50,SupplyTempTooCold
2011-06-16 13:29:50,2011-06-16 17:29:48,CoolingZoneNotSpec
2011-06-16 17:29:48,2011-06-16 17:44:54,SupplyTempTooCold
2011-06-16 17:44:54,2011-06-16 21:14:47,CoolingZoneNotSpec
2011-06-14 21:14:51,2011-06-16 23:30:01,RuntimeExcessive
2011-06-17 09:59:55,2011-06-17 10:14:49,CoolingZoneNotSpec
2011-06-17 10:14:49,2011-06-17 11:59:56,SupplyTempTooCold
2011-06-17 11:59:56,2011-06-17 22:14:51,CoolingZoneNotSpec
2011-06-17 22:14:51,2011-06-18 00:59:55,SupplyTempTooCold
2011-06-17 21:14:49,2011-06-18 02:44:54,RuntimeExcessive
2011-06-18 00:59:55,2011-06-18 02:44:54,CoolingZoneNotSpec
2011-06-17 21:14:51,2011-06-18 02:44:56,RuntimeExcessive
2011-06-18 09:59:58,2011-06-18 13:00:00,CoolingZoneNotSpec
2011-06-18 13:00:00,2011-06-18 13:59:58,SupplyTempTooCold
2011-06-18 13:59:58,2011-06-18 22:14:53,CoolingZoneNotSpec
2011-06-18 21:14:50,2011-06-18 22:14:53,RuntimeExcessive
2011-06-19 00:29:50,2011-06-19 10:00:01,DeltaT1CoolingZoneInSpec
2011-06-19 08:59:12,2011-06-19 12:27:58,NOCOMMS
2011-06-19 11:00:00,2011-06-19 21:14:57,CoolingZoneNotSpec
2011-06-19 23:29:54,2011-06-20 07:14:56,DeltaT1CoolingZoneInSpec
2011-06-18 21:14:52,2011-06-20 08:15:00,RuntimeExcessive
2011-06-20 09:59:58,2011-06-20 10:14:52,CoolingZoneNotSpec
2011-06-20 10:14:52,2011-06-20 10:30:00,SupplyTempTooCold
2011-06-20 10:30:00,2011-06-20 10:44:53,CoolingZoneNotSpec
2011-06-20 10:44:53,2011-06-20 11:44:55,SupplyTempTooCold
2011-06-20 11:44:55,2011-06-20 12:00:00,CoolingZoneNotSpec
2011-06-20 12:00:00,2011-06-20 12:14:55,SupplyTempTooCold
2011-06-20 12:14:55,2011-06-20 21:14:48,CoolingZoneNotSpec
2011-06-20 23:29:57,2011-06-21 08:59:49,DeltaT1CoolingZoneInSpec
2011-06-21 09:59:48,2011-06-21 11:14:54,SupplyTempTooCold
2011-06-21 11:14:54,2011-06-21 19:44:51,CoolingZoneNotSpec
2011-06-21 19:44:51,2011-06-21 20:59:48,SupplyTempTooCold
2011-06-21 20:59:48,2011-06-21 21:14:56,CoolingZoneNotSpec
2011-06-21 23:30:00,2011-06-22 08:59:59,DeltaT1CoolingZoneInSpec
2011-06-22 09:59:57,2011-06-22 14:00:00,SupplyTempTooCold
2011-06-22 14:00:00,2011-06-22 18:14:58,CoolingZoneNotSpec
2011-06-22 18:14:58,2011-06-22 18:29:53,SupplyTempTooCold
2011-06-22 18:29:53,2011-06-22 18:44:59,CoolingZoneNotSpec
2011-06-22 18:44:59,2011-06-22 20:44:51,SupplyTempTooCold
2011-06-22 20:44:51,2011-06-22 21:14:54,CoolingZoneNotSpec
2011-06-20 21:14:50,2011-06-23 03:14:51,RuntimeExcessive
2011-06-22 23:29:57,2011-06-23 03:14:51,DeltaT1CoolingZoneInSpec
2011-06-23 09:59:59,2011-06-23 10:29:47,CoolingZoneNotSpec
2011-06-23 10:29:47,2011-06-23 10:44:53,SupplyTempTooCold
2011-06-23 11:00:00,2011-06-23 11:14:53,CoolingZoneNotSpec
2011-06-23 11:14:55,2011-06-23 12:00:00,DeltaT1CoolingZoneInSpec
2011-06-23 11:14:53,2011-06-23 13:44:54,SupplyTempTooCold
2011-06-23 13:44:54,2011-06-23 21:00:01,CoolingZoneNotSpec
2011-06-23 21:00:01,2011-06-23 21:14:58,SupplyTempTooCold
2011-06-23 21:15:00,2011-06-24 07:29:57,RuntimeExcessive
2011-06-23 23:29:51,2011-06-24 07:29:57,DeltaT1CoolingZoneInSpec
2011-06-24 10:14:49,2011-06-24 10:29:55,DeltaT1CoolingZoneInSpec
2011-06-24 09:59:53,2011-06-24 10:44:48,CoolingZoneNotSpec
2011-06-24 12:44:50,2011-06-24 15:59:55,CoolingZoneNotSpec
2011-06-24 15:59:55,2011-06-24 16:29:55,SupplyTempTooCold
2011-06-24 16:29:55,2011-06-24 20:14:56,CoolingZoneNotSpec
2011-06-24 20:14:56,2011-06-24 21:59:52,SupplyTempTooCold
2011-06-24 21:14:57,2011-06-24 22:15:00,RuntimeExcessive
2011-06-24 21:59:52,2011-06-24 22:15:00,CoolingZoneNotSpec
2011-06-25 00:29:56,2011-06-25 08:59:53,DeltaT1CoolingZoneInSpec
2011-06-25 09:59:53,2011-06-25 10:15:00,CoolingZoneNotSpec
2011-06-25 10:15:00,2011-06-25 10:59:53,SupplyTempTooCold
2011-06-25 10:59:53,2011-06-25 22:14:57,CoolingZoneNotSpec
2011-06-25 21:14:50,2011-06-25 22:14:57,RuntimeExcessive
2011-06-26 00:29:48,2011-06-26 09:59:48,DeltaT1CoolingZoneInSpec
2011-06-26 11:00:00,2011-06-26 21:14:56,CoolingZoneNotSpec
2011-06-26 23:29:51,2011-06-27 07:29:59,DeltaT1CoolingZoneInSpec
2011-06-24 21:14:59,2011-06-27 08:29:51,RuntimeExcessive
2011-06-27 09:59:49,2011-06-27 10:59:50,CoolingZoneNotSpec
2011-06-27 10:59:50,2011-06-27 13:29:52,SupplyTempTooCold
2011-06-27 13:29:52,2011-06-27 20:59:55,CoolingZoneNotSpec
2011-06-27 20:59:55,2011-06-27 21:14:51,SupplyTempTooCold
2011-06-27 23:29:56,2011-06-28 08:14:57,DeltaT1CoolingZoneInSpec
2011-06-28 09:14:54,2011-06-28 10:29:58,CoolingZoneNotSpec
2011-06-28 11:44:51,2011-06-28 19:29:51,CoolingZoneNotSpec
2011-06-28 20:29:53,2011-06-28 21:14:50,RuntimeExcessive
2011-06-28 19:29:51,2011-06-28 21:14:50,SupplyTempTooCold
2011-06-28 23:30:01,2011-06-29 06:14:48,DeltaT1CoolingZoneInSpec
2011-06-27 21:14:53,2011-06-29 07:14:50,RuntimeExcessive
2011-06-29 09:59:59,2011-06-29 11:14:52,CoolingZoneNotSpec
2011-06-29 11:14:52,2011-06-29 13:14:56,SupplyTempTooCold
2011-06-29 13:14:56,2011-06-29 20:59:50,CoolingZoneNotSpec
2011-06-29 20:59:50,2011-06-29 21:14:58,SupplyTempTooCold
2011-06-29 23:29:59,2011-06-30 08:59:49,DeltaT1CoolingZoneInSpec
2011-06-30 09:59:59,2011-06-30 21:14:53,CoolingZoneNotSpec
2011-06-30 21:14:53,2011-06-30 21:29:48,RuntimeExcessive
2011-06-30 23:29:58,2011-07-01 08:59:50,DeltaT1CoolingZoneInSpec
2011-07-01 10:00:00,2011-07-01 11:14:55,SupplyTempTooCold
2011-07-01 11:14:55,2011-07-01 22:14:51,CoolingZoneNotSpec
2011-07-01 21:14:49,2011-07-01 22:14:51,RuntimeExcessive
2011-06-29 21:15:00,2011-07-02 08:00:00,RuntimeExcessive
2011-07-02 00:30:01,2011-07-02 08:00:00,DeltaT1CoolingZoneInSpec
2011-07-02 10:00:00,2011-07-02 10:29:59,CoolingZoneNotSpec
2011-07-02 10:29:59,2011-07-02 11:29:58,SupplyTempTooCold
2011-07-02 11:29:58,2011-07-02 22:14:54,CoolingZoneNotSpec
2011-07-02 21:14:49,2011-07-02 22:14:54,RuntimeExcessive
2011-07-03 00:29:52,2011-07-03 09:59:50,DeltaT1CoolingZoneInSpec
2011-07-03 10:59:59,2011-07-03 21:14:57,CoolingZoneNotSpec
2011-07-03 23:29:50,2011-07-04 08:14:51,DeltaT1CoolingZoneInSpec
2011-07-04 09:29:54,2011-07-04 13:14:58,CoolingZoneNotSpec
2011-07-04 13:14:58,2011-07-04 14:59:51,SupplyTempTooCold
2011-07-04 14:59:51,2011-07-04 15:14:58,CoolingZoneNotSpec
2011-07-04 15:14:58,2011-07-04 15:29:54,SupplyTempTooCold
2011-07-04 15:29:54,2011-07-04 20:30:01,CoolingZoneNotSpec
2011-07-04 20:44:55,2011-07-04 21:14:57,RuntimeExcessive
2011-07-04 20:30:01,2011-07-04 21:14:57,SupplyTempTooCold
2011-07-04 23:29:58,2011-07-05 08:14:55,DeltaT1CoolingZoneInSpec
2011-07-05 09:29:52,2011-07-05 09:59:52,CoolingZoneNotSpec
2011-07-05 09:59:52,2011-07-05 10:59:51,SupplyTempTooCold
2011-07-05 10:59:51,2011-07-05 13:44:58,CoolingZoneNotSpec
2011-07-05 13:44:58,2011-07-05 14:59:54,SupplyTempTooCold
2011-07-05 14:59:54,2011-07-05 21:14:53,CoolingZoneNotSpec
2011-07-05 20:44:50,2011-07-05 21:14:53,RuntimeExcessive
2011-07-05 23:29:56,2011-07-06 08:29:51,DeltaT1CoolingZoneInSpec
2011-07-02 21:14:51,2011-07-06 11:29:59,RuntimeExcessive
2011-07-06 11:15:27,2011-07-06 11:30:27,strategies.xml
2011-07-06 11:15:57,2011-07-06 11:30:57,modules.xml
2011-07-06 09:30:00,2011-07-06 20:44:49,CoolingZoneNotSpec
2011-07-06 20:44:49,2011-07-06 21:00:00,SupplyTempTooCold
2011-07-06 21:00:00,2011-07-06 21:14:52,CoolingZoneNotSpec
2011-07-07 09:59:58,2011-07-07 21:14:56,CoolingZoneNotSpec
2011-07-07 21:00:01,2011-07-07 21:14:56,RuntimeExcessive
2011-07-07 23:29:46,2011-07-08 08:59:59,DeltaT1CoolingZoneInSpec
2011-07-08 10:00:00,2011-07-08 22:00:01,CoolingZoneNotSpec
2011-07-08 20:59:57,2011-07-08 22:14:56,RuntimeExcessive
2011-07-08 22:00:01,2011-07-08 22:14:56,SupplyTempTooCold
2011-07-09 00:29:54,2011-07-09 08:59:50,DeltaT1CoolingZoneInSpec
2011-07-09 09:59:51,2011-07-09 22:14:48,CoolingZoneNotSpec
2011-07-09 20:59:49,2011-07-09 22:14:48,RuntimeExcessive
2011-07-10 00:30:00,2011-07-10 09:59:45,DeltaT1CoolingZoneInSpec
2011-07-10 10:59:45,2011-07-10 23:59:53,CoolingZoneNotSpec
2011-07-10 23:59:53,2011-07-11 02:14:54,SupplyTempTooCold
2011-07-11 02:14:54,2011-07-11 05:44:47,CoolingZoneNotSpec
2011-07-10 21:59:58,2011-07-11 06:44:55,RuntimeExcessive
2011-07-07 20:59:47,2011-07-11 06:44:57,RuntimeExcessive
2011-07-11 08:44:49,2011-07-11 08:59:45,DeltaT1CoolingZoneInSpec
2011-07-11 10:00:00,2011-07-11 11:44:58,SupplyTempTooCold
2011-07-11 11:44:58,2011-07-11 23:29:51,CoolingZoneNotSpec
2011-07-11 23:29:51,2011-07-12 01:44:49,SupplyTempTooCold
2011-07-11 20:59:51,2011-07-12 02:14:56,RuntimeExcessive
2011-07-12 01:44:49,2011-07-12 02:14:56,CoolingZoneNotSpec
2011-07-12 02:14:58,2011-07-12 08:14:47,DeltaT1CoolingZoneInSpec
2011-07-12 09:14:48,2011-07-12 10:14:53,SupplyTempTooCold
2011-07-12 10:14:53,2011-07-12 21:14:57,CoolingZoneNotSpec
2011-07-12 20:30:00,2011-07-12 22:14:49,RuntimeExcessive
2011-07-12 23:29:52,2011-07-13 08:29:52,DeltaT1CoolingZoneInSpec
2011-07-13 09:29:52,2011-07-13 10:44:51,CoolingZoneNotSpec
2011-07-13 07:20:58,2011-07-13 14:45:02,NOCOMMS
2011-07-13 11:59:47,2011-07-13 20:14:47,CoolingZoneNotSpec
2011-07-13 20:14:47,2011-07-13 21:14:51,SupplyTempTooCold
2011-07-13 23:30:00,2011-07-14 07:14:50,DeltaT1CoolingZoneInSpec
2011-07-11 19:59:50,2011-07-14 08:14:55,RuntimeExcessive
2011-07-14 09:59:47,2011-07-14 10:59:50,SupplyTempTooCold
2011-07-14 10:59:50,2011-07-14 11:29:50,CoolingZoneNotSpec
2011-07-14 11:59:51,2011-07-14 12:45:01,CoolingZoneNotSpec
2011-07-14 12:45:01,2011-07-14 12:59:53,SupplyTempTooCold
2011-07-14 12:59:53,2011-07-14 13:15:00,CoolingZoneNotSpec
2011-07-14 13:15:00,2011-07-14 13:44:59,SupplyTempTooCold
2011-07-14 14:14:59,2011-07-14 14:29:51,CoolingZoneNotSpec
2011-07-14 14:29:51,2011-07-14 17:14:57,SupplyTempTooCold
2011-07-14 17:14:57,2011-07-14 20:29:47,CoolingZoneNotSpec
2011-07-14 20:59:47,2011-07-14 21:14:58,RuntimeExcessive
2011-07-14 20:29:47,2011-07-14 21:14:58,SupplyTempTooCold
2011-07-14 23:30:00,2011-07-15 08:59:46,DeltaT1CoolingZoneInSpec
2011-07-15 09:59:46,2011-07-15 11:44:59,SupplyTempTooCold
2011-07-15 11:44:59,2011-07-15 22:14:56,CoolingZoneNotSpec
2011-07-15 20:59:57,2011-07-15 22:14:56,RuntimeExcessive
2011-07-16 00:29:58,2011-07-16 08:59:48,DeltaT1CoolingZoneInSpec
2011-07-16 09:59:48,2011-07-16 10:29:48,SupplyTempTooCold
2011-07-16 10:29:48,2011-07-16 22:14:56,CoolingZoneNotSpec
2011-07-16 20:59:57,2011-07-16 22:14:56,RuntimeExcessive
2011-07-17 00:29:58,2011-07-17 10:00:01,DeltaT1CoolingZoneInSpec
2011-07-17 10:59:46,2011-07-17 21:14:48,CoolingZoneNotSpec
2011-07-17 23:29:57,2011-07-18 08:59:52,DeltaT1CoolingZoneInSpec
2011-07-18 09:59:52,2011-07-18 11:29:57,CoolingZoneNotSpec
2011-07-18 11:29:57,2011-07-18 13:14:53,SupplyTempTooCold
2011-07-18 13:14:53,2011-07-18 21:14:55,CoolingZoneNotSpec
2011-07-18 20:59:59,2011-07-18 21:14:55,RuntimeExcessive
2011-07-14 20:59:50,2011-07-19 08:44:48,RuntimeExcessive
2011-07-18 23:29:45,2011-07-19 08:44:48,DeltaT1CoolingZoneInSpec
2011-07-19 09:59:45,2011-07-19 11:14:56,SupplyTempTooCold
2011-07-19 11:14:56,2011-07-19 21:14:57,CoolingZoneNotSpec
2011-07-19 20:59:48,2011-07-19 21:29:50,RuntimeExcessive
2011-07-19 23:29:51,2011-07-20 08:59:47,DeltaT1CoolingZoneInSpec
2011-07-20 09:59:50,2011-07-20 10:44:58,SupplyTempTooCold
2011-07-20 10:44:58,2011-07-20 21:14:54,CoolingZoneNotSpec
2011-07-20 21:00:00,2011-07-20 21:59:51,RuntimeExcessive
2011-07-20 23:29:47,2011-07-21 08:59:56,DeltaT1CoolingZoneInSpec
2011-07-21 09:59:58,2011-07-21 21:14:46,CoolingZoneNotSpec
2011-07-21 20:59:51,2011-07-21 22:14:53,RuntimeExcessive
2011-07-21 23:30:00,2011-07-22 08:59:47,DeltaT1CoolingZoneInSpec
2011-07-19 20:59:50,2011-07-22 18:44:52,RuntimeExcessive
2011-07-22 09:59:48,2011-07-22 22:14:48,CoolingZoneNotSpec
2011-07-22 20:59:52,2011-07-22 22:44:51,RuntimeExcessive
2011-07-23 00:29:51,2011-07-23 08:44:56,DeltaT1CoolingZoneInSpec
2011-07-23 09:44:56,2011-07-23 10:14:57,SupplyTempTooCold
2011-07-23 10:14:57,2011-07-23 22:14:51,CoolingZoneNotSpec
2011-07-23 20:44:59,2011-07-23 22:14:51,RuntimeExcessive
2011-07-24 00:29:53,2011-07-24 09:59:57,DeltaT1CoolingZoneInSpec
2011-07-24 11:00:00,2011-07-24 17:14:57,CoolingZoneNotSpec
2011-07-24 17:14:57,2011-07-24 17:29:50,SupplyTempTooCold
2011-07-24 17:29:50,2011-07-24 21:14:53,CoolingZoneNotSpec
2011-07-24 23:29:59,2011-07-25 08:59:55,DeltaT1CoolingZoneInSpec
2011-07-25 09:59:53,2011-07-25 20:59:48,CoolingZoneNotSpec
2011-07-25 20:59:48,2011-07-25 21:15:00,RuntimeExcessive
2011-07-25 20:59:48,2011-07-25 21:15:00,SupplyTempTooCold
2011-07-25 23:29:47,2011-07-26 08:59:53,DeltaT1CoolingZoneInSpec
2011-07-26 09:59:51,2011-07-26 10:29:52,SupplyTempTooCold
2011-07-23 06:59:56,2011-07-26 17:44:51,RuntimeExcessive
2011-07-26 10:29:52,2011-07-26 21:14:52,CoolingZoneNotSpec
2011-07-26 23:29:46,2011-07-27 08:59:54,DeltaT1CoolingZoneInSpec
2011-07-27 09:59:44,2011-07-27 21:14:54,CoolingZoneNotSpec
2011-07-27 20:59:58,2011-07-27 21:29:50,RuntimeExcessive
2011-07-27 23:29:45,2011-07-28 08:59:50,DeltaT1CoolingZoneInSpec
2011-07-28 09:59:55,2011-07-28 10:29:46,SupplyTempTooCold
2011-07-28 10:29:46,2011-07-28 21:14:52,CoolingZoneNotSpec
2011-07-28 20:59:57,2011-07-28 21:44:56,RuntimeExcessive
2011-07-28 23:29:55,2011-07-29 08:59:53,DeltaT1CoolingZoneInSpec
2011-07-29 09:59:57,2011-07-29 10:30:00,SupplyTempTooCold
2011-07-29 10:30:00,2011-07-29 22:14:57,CoolingZoneNotSpec
2011-07-29 20:59:53,2011-07-29 22:14:57,RuntimeExcessive
2011-07-30 07:59:58,2011-07-30 08:14:51,NoPowerLightingContactor
2011-07-30 00:29:52,2011-07-30 08:59:54,DeltaT1CoolingZoneInSpec
2011-07-30 09:59:58,2011-07-30 10:44:56,SupplyTempTooCold
2011-07-30 10:44:56,2011-07-30 22:14:51,CoolingZoneNotSpec
2011-07-30 20:59:47,2011-07-30 22:44:56,RuntimeExcessive
2011-07-31 00:29:47,2011-07-31 09:59:46,DeltaT1CoolingZoneInSpec
2011-07-31 10:59:50,2011-07-31 21:14:56,CoolingZoneNotSpec
2011-07-31 23:29:58,2011-08-01 08:59:58,DeltaT1CoolingZoneInSpec
2011-08-01 09:59:46,2011-08-01 11:44:54,SupplyTempTooCold
2011-08-01 11:44:54,2011-08-01 21:14:52,CoolingZoneNotSpec
2011-08-01 20:59:57,2011-08-01 21:14:52,RuntimeExcessive
2011-08-01 23:29:55,2011-08-02 08:14:44,DeltaT1CoolingZoneInSpec
2011-08-02 09:14:49,2011-08-02 10:14:58,SupplyTempTooCold
2011-08-02 10:14:58,2011-08-02 21:14:49,CoolingZoneNotSpec
2011-08-02 20:14:55,2011-08-02 22:44:46,RuntimeExcessive
2011-08-02 23:29:48,2011-08-03 08:14:59,DeltaT1CoolingZoneInSpec
2011-08-03 09:14:48,2011-08-03 21:15:01,CoolingZoneNotSpec
2011-08-03 20:30:00,2011-08-03 22:59:57,RuntimeExcessive
2011-08-03 23:29:51,2011-08-04 08:59:48,DeltaT1CoolingZoneInSpec
2011-08-04 09:59:53,2011-08-04 21:14:54,CoolingZoneNotSpec
2011-08-04 20:59:58,2011-08-04 21:14:54,RuntimeExcessive
2011-08-04 23:29:55,2011-08-05 08:59:47,DeltaT1CoolingZoneInSpec
2011-08-05 09:59:52,2011-08-05 22:14:54,CoolingZoneNotSpec
2011-08-05 20:59:48,2011-08-05 22:14:54,RuntimeExcessive
2011-08-06 00:30:00,2011-08-06 08:59:51,DeltaT1CoolingZoneInSpec
2011-08-06 09:59:57,2011-08-06 22:15:01,CoolingZoneNotSpec
2011-08-06 20:59:52,2011-08-06 23:14:56,RuntimeExcessive
2011-08-07 00:29:58,2011-08-07 01:14:58,DeltaT1CoolingZoneInSpec
2011-08-07 06:41:33,2011-08-07 09:57:30,NOCOMMS
2011-08-07 01:29:54,2011-08-07 09:59:58,DeltaT1CoolingZoneInSpec
2011-08-07 10:59:48,2011-08-07 21:14:58,CoolingZoneNotSpec
2011-08-07 23:29:59,2011-08-08 08:59:58,DeltaT1CoolingZoneInSpec
2011-08-08 09:59:47,2011-08-08 10:29:51,CoolingZoneNotSpec
2011-08-08 10:29:51,2011-08-08 11:29:58,SupplyTempTooCold
2011-08-08 11:29:58,2011-08-08 12:29:50,CoolingZoneNotSpec
2011-08-08 12:29:50,2011-08-08 12:59:55,SupplyTempTooCold
2011-08-08 12:59:55,2011-08-08 21:14:49,CoolingZoneNotSpec
2011-08-08 20:59:52,2011-08-08 21:14:49,RuntimeExcessive
2011-08-08 23:29:51,2011-08-09 08:29:56,DeltaT1CoolingZoneInSpec
2011-08-09 09:29:46,2011-08-09 11:44:51,CoolingZoneNotSpec
2011-08-09 11:44:51,2011-08-09 12:44:58,SupplyTempTooCold
2011-08-09 12:44:58,2011-08-09 21:15:00,CoolingZoneNotSpec
2011-08-09 20:44:55,2011-08-09 21:15:00,RuntimeExcessive
2011-08-09 23:29:46,2011-08-10 08:59:50,DeltaT1CoolingZoneInSpec
2011-08-10 09:59:53,2011-08-10 21:14:45,CoolingZoneNotSpec
2011-07-27 09:59:47,2011-08-11 08:44:54,RuntimeExcessive
2011-08-10 23:29:45,2011-08-11 08:44:54,DeltaT1CoolingZoneInSpec
2011-08-11 09:59:56,2011-08-11 13:59:56,CoolingZoneNotSpec
2011-08-11 13:59:56,2011-08-11 14:14:50,SupplyTempTooCold
2011-08-11 14:14:50,2011-08-11 16:14:47,CoolingZoneNotSpec
2011-08-11 16:14:47,2011-08-11 18:14:48,SupplyTempTooCold
2011-08-11 18:14:48,2011-08-11 21:14:56,CoolingZoneNotSpec
2011-08-11 20:59:47,2011-08-12 06:29:48,RuntimeExcessive
2011-08-11 23:29:50,2011-08-12 06:29:48,DeltaT1CoolingZoneInSpec
2011-08-12 09:59:45,2011-08-12 11:44:48,CoolingZoneNotSpec
2011-08-12 11:44:48,2011-08-12 12:14:52,SupplyTempTooCold
2011-08-12 12:14:52,2011-08-12 22:14:52,CoolingZoneNotSpec
2011-08-12 20:59:49,2011-08-12 22:14:52,RuntimeExcessive
2011-08-13 00:29:59,2011-08-13 08:59:53,DeltaT1CoolingZoneInSpec
2011-08-13 09:59:58,2011-08-13 11:44:47,CoolingZoneNotSpec
2011-08-13 11:44:47,2011-08-13 13:29:51,SupplyTempTooCold
2011-08-13 13:29:51,2011-08-13 21:59:47,CoolingZoneNotSpec
2011-08-13 20:59:57,2011-08-13 22:14:58,RuntimeExcessive
2011-08-13 21:59:47,2011-08-13 22:14:58,SupplyTempTooCold
2011-08-14 00:29:52,2011-08-14 09:59:49,DeltaT1CoolingZoneInSpec
2011-08-14 10:59:58,2011-08-14 12:59:55,CoolingZoneNotSpec
2011-08-14 12:59:55,2011-08-14 13:29:58,SupplyTempTooCold
2011-08-14 13:29:58,2011-08-14 19:44:56,CoolingZoneNotSpec
2011-08-14 19:44:56,2011-08-14 20:44:49,SupplyTempTooCold
2011-08-14 20:44:49,2011-08-14 21:14:54,CoolingZoneNotSpec
2011-08-14 23:29:53,2011-08-15 08:59:57,DeltaT1CoolingZoneInSpec
2011-08-15 09:59:47,2011-08-15 10:29:51,CoolingZoneNotSpec
2011-08-15 10:59:56,2011-08-15 15:44:55,CoolingZoneNotSpec
2011-08-15 15:44:55,2011-08-15 15:59:48,SupplyTempTooCold
2011-08-15 15:59:48,2011-08-15 17:44:54,CoolingZoneNotSpec
2011-08-15 17:44:54,2011-08-15 19:44:54,SupplyTempTooCold
2011-08-15 20:59:54,2011-08-15 21:14:49,RuntimeExcessive
2011-08-15 19:44:54,2011-08-15 21:14:49,CoolingZoneNotSpec
2011-08-15 23:29:56,2011-08-16 08:59:51,DeltaT1CoolingZoneInSpec
2011-08-16 09:59:55,2011-08-16 11:44:57,CoolingZoneNotSpec
2011-08-16 11:59:51,2011-08-16 12:15:00,CoolingZoneNotSpec
2011-08-16 12:44:47,2011-08-16 12:59:57,CoolingZoneNotSpec
2011-08-16 13:14:52,2011-08-16 14:14:57,CoolingZoneNotSpec
2011-08-16 14:29:52,2011-08-16 15:29:58,CoolingZoneNotSpec
2011-08-16 15:29:58,2011-08-16 19:59:45,SupplyTempTooCold
2011-08-16 20:59:55,2011-08-16 21:14:49,RuntimeExcessive
2011-08-16 19:59:45,2011-08-16 21:14:49,CoolingZoneNotSpec
2011-08-16 23:29:50,2011-08-17 08:59:56,DeltaT1CoolingZoneInSpec
2011-08-17 09:59:59,2011-08-17 11:15:00,CoolingZoneNotSpec
2011-08-17 11:15:00,2011-08-17 12:44:50,SupplyTempTooCold
2011-08-17 12:44:50,2011-08-17 21:15:00,CoolingZoneNotSpec
2011-08-17 20:59:47,2011-08-17 21:15:00,RuntimeExcessive
2011-08-17 23:29:45,2011-08-18 08:59:51,DeltaT1CoolingZoneInSpec
2011-08-18 09:59:56,2011-08-18 14:14:47,CoolingZoneNotSpec
2011-08-18 14:29:56,2011-08-18 21:14:45,CoolingZoneNotSpec
2011-08-18 20:59:48,2011-08-18 21:14:45,RuntimeExcessive
2011-08-18 23:29:58,2011-08-19 08:59:56,DeltaT1CoolingZoneInSpec
2011-08-19 10:00:00,2011-08-19 10:44:58,CoolingZoneNotSpec
2011-08-19 10:44:58,2011-08-19 12:29:47,SupplyTempTooCold
2011-08-19 12:29:47,2011-08-19 22:14:59,CoolingZoneNotSpec
2011-08-19 20:59:55,2011-08-19 22:14:59,RuntimeExcessive
2011-08-12 20:59:51,2011-08-20 01:29:52,RuntimeExcessive
2011-08-20 02:59:47,2011-08-20 08:59:56,DeltaT1CoolingZoneInSpec
2011-08-20 09:59:45,2011-08-20 12:59:49,SupplyTempTooCold
2011-08-20 12:59:49,2011-08-20 22:14:48,CoolingZoneNotSpec
2011-08-20 20:59:45,2011-08-20 22:14:48,RuntimeExcessive
2011-08-21 00:29:58,2011-08-21 09:59:54,DeltaT1CoolingZoneInSpec
2011-08-21 10:59:58,2011-08-21 21:14:46,CoolingZoneNotSpec
2011-08-21 23:29:48,2011-08-22 08:59:51,DeltaT1CoolingZoneInSpec
2011-08-22 09:59:56,2011-08-22 10:44:52,CoolingZoneNotSpec
2011-08-22 10:44:52,2011-08-22 11:59:56,SupplyTempTooCold
2011-08-22 11:59:56,2011-08-22 16:29:53,CoolingZoneNotSpec
2011-08-22 16:29:53,2011-08-22 16:44:46,SupplyTempTooCold
2011-08-22 16:44:46,2011-08-22 21:14:48,CoolingZoneNotSpec
2011-08-20 14:14:54,2011-08-22 23:45:00,RuntimeExcessive
2011-08-22 23:29:49,2011-08-22 23:45:00,DeltaT1CoolingZoneInSpec
2011-08-23 09:59:48,2011-08-23 11:29:58,SupplyTempTooCold
2011-08-23 11:44:52,2011-08-23 20:29:46,CoolingZoneNotSpec
2011-08-23 20:59:49,2011-08-23 21:15:00,RuntimeExcessive
2011-08-23 20:29:46,2011-08-23 21:15:00,SupplyTempTooCold
2011-08-24 05:43:29,2011-08-24 06:29:49,DATACHECK
2011-08-24 05:43:29,2011-08-24 06:29:49,DATACHECK
2011-08-24 05:43:29,2011-08-24 06:29:49,DATACHECK
2011-08-24 05:43:29,2011-08-24 06:29:49,DATACHECK
2011-08-24 05:43:29,2011-08-24 06:29:51,DATACHECK
2011-08-24 05:43:29,2011-08-24 06:29:52,DATACHECK
2011-08-24 05:43:29,2011-08-24 06:29:52,DATACHECK
2011-08-24 05:43:29,2011-08-24 06:29:52,DATACHECK
2011-08-24 05:43:29,2011-08-24 06:30:00,DATACHECK
2011-08-24 05:43:29,2011-08-24 06:30:00,DATACHECK
2011-08-24 05:43:29,2011-08-24 06:30:00,DATACHECK
2011-08-23 23:29:46,2011-08-24 08:59:56,DeltaT1CoolingZoneInSpec
2011-08-24 10:00:00,2011-08-24 11:29:53,CoolingZoneNotSpec
2011-08-24 12:59:52,2011-08-24 14:59:46,DeltaT1CoolingZoneInSpec
2011-08-24 18:44:54,2011-08-24 18:59:46,SupplyTempTooCold
2011-08-24 19:14:57,2011-08-24 19:29:51,CoolingZoneNotSpec
2011-08-24 19:44:45,2011-08-24 20:44:49,CoolingZoneNotSpec
2011-08-24 20:59:58,2011-08-24 21:14:54,RuntimeExcessive
2011-08-23 20:59:52,2011-08-24 23:29:47,RuntimeExcessive
2011-08-25 10:29:51,2011-08-25 10:59:53,DeltaT1CoolingZoneInSpec
2011-08-25 10:14:57,2011-08-25 12:29:59,CoolingZoneNotSpec
2011-08-25 12:59:47,2011-08-25 13:29:51,CoolingZoneNotSpec
2011-08-25 13:44:45,2011-08-25 20:44:59,CoolingZoneNotSpec
2011-08-25 20:59:52,2011-08-25 21:14:47,RuntimeExcessive
2011-08-25 20:44:59,2011-08-25 21:14:47,SupplyTempTooCold
2011-08-25 20:59:55,2011-08-26 08:44:55,RuntimeExcessive
2011-08-25 23:30:00,2011-08-26 08:44:55,DeltaT1CoolingZoneInSpec
2011-08-26 09:59:55,2011-08-26 11:00:01,DeltaT1CoolingZoneInSpec
2011-08-26 11:59:48,2011-08-26 12:14:58,SupplyTempTooCold
2011-08-26 12:29:52,2011-08-26 12:44:45,SupplyTempTooCold
2011-08-26 12:44:45,2011-08-26 12:59:55,CoolingZoneNotSpec
2011-08-26 12:59:55,2011-08-26 14:14:56,SupplyTempTooCold
2011-08-26 14:14:56,2011-08-26 20:44:53,CoolingZoneNotSpec
2011-08-26 20:44:53,2011-08-26 21:29:54,SupplyTempTooCold
2011-08-26 21:15:00,2011-08-26 22:14:51,RuntimeExcessive
2011-08-26 21:29:54,2011-08-26 22:14:51,CoolingZoneNotSpec
2011-08-26 20:59:51,2011-08-27 08:14:48,RuntimeExcessive
2011-08-27 00:29:57,2011-08-27 08:14:48,DeltaT1CoolingZoneInSpec
2011-08-27 09:59:51,2011-08-27 11:29:58,CoolingZoneNotSpec
2011-08-27 11:29:58,2011-08-27 12:29:48,SupplyTempTooCold
2011-08-27 12:29:48,2011-08-27 21:59:48,CoolingZoneNotSpec
2011-08-27 20:59:58,2011-08-27 22:14:58,RuntimeExcessive
2011-08-27 21:59:48,2011-08-27 22:14:58,SupplyTempTooCold
2011-08-28 00:29:47,2011-08-28 09:59:49,DeltaT1CoolingZoneInSpec
2011-08-28 10:59:52,2011-08-28 11:29:56,CoolingZoneNotSpec
2011-08-28 11:29:56,2011-08-28 12:44:55,SupplyTempTooCold
2011-08-28 12:44:55,2011-08-28 20:14:50,CoolingZoneNotSpec
2011-08-28 20:14:50,2011-08-28 21:14:59,SupplyTempTooCold
2011-08-28 23:29:54,2011-08-29 08:59:57,DeltaT1CoolingZoneInSpec
2011-08-29 09:59:45,2011-08-29 10:14:56,CoolingZoneNotSpec
2011-08-29 09:59:47,2011-08-29 10:44:59,DeltaT1CoolingZoneInSpec
2011-08-29 12:44:50,2011-08-29 12:59:59,DeltaT1CoolingZoneInSpec
2011-08-29 12:29:54,2011-08-29 15:29:55,CoolingZoneNotSpec
2011-08-29 15:29:55,2011-08-29 19:14:57,SupplyTempTooCold
2011-08-29 19:14:57,2011-08-29 23:44:59,CoolingZoneNotSpec
2011-08-29 21:00:00,2011-08-30 03:14:46,RuntimeExcessive
2011-08-27 21:00:01,2011-08-30 03:14:48,RuntimeExcessive
2011-08-30 09:59:54,2011-08-30 11:14:50,CoolingZoneNotSpec
2011-08-30 12:14:56,2011-08-30 12:29:49,SupplyTempTooCold
2011-08-30 12:44:58,2011-08-30 14:00:01,SupplyTempTooCold
2011-08-30 14:00:01,2011-08-30 19:59:59,CoolingZoneNotSpec
2011-08-30 20:59:52,2011-08-30 21:14:46,RuntimeExcessive
2011-08-30 19:59:59,2011-08-30 21:14:46,SupplyTempTooCold
2011-08-30 23:29:46,2011-08-31 08:59:54,DeltaT1CoolingZoneInSpec
2011-08-31 10:59:44,2011-08-31 11:44:46,OutputSetToOff
2011-08-31 09:59:56,2011-08-31 11:44:46,CoolingZoneNotSpec
2011-08-31 10:59:59,2011-08-31 11:44:58,OutputSetToOff
2011-08-31 10:59:59,2011-08-31 11:44:58,OutputSetToOff
2011-08-31 12:29:59,2011-08-31 15:14:51,CoolingZoneNotSpec
2011-08-31 15:14:51,2011-08-31 15:29:46,SupplyTempTooCold
2011-08-31 15:29:46,2011-08-31 21:15:00,CoolingZoneNotSpec
2011-08-31 23:29:56,2011-09-01 08:59:47,DeltaT1CoolingZoneInSpec
2011-09-01 09:59:47,2011-09-01 11:44:50,SupplyTempTooCold
2011-09-01 11:44:50,2011-09-01 21:14:46,CoolingZoneNotSpec
2011-09-01 20:59:50,2011-09-01 21:14:46,RuntimeExcessive
2011-09-01 23:30:00,2011-09-02 08:59:59,DeltaT1CoolingZoneInSpec
2011-09-02 10:00:00,2011-09-02 11:15:00,SupplyTempTooCold
2011-09-02 11:15:00,2011-09-02 22:14:55,CoolingZoneNotSpec
2011-09-02 20:59:52,2011-09-02 22:14:55,RuntimeExcessive
2011-09-03 00:29:45,2011-09-03 08:59:46,DeltaT1CoolingZoneInSpec
2011-09-03 09:59:50,2011-09-03 10:59:57,CoolingZoneNotSpec
2011-09-03 10:59:57,2011-09-03 11:14:50,SupplyTempTooCold
2011-09-03 11:14:50,2011-09-03 21:30:00,CoolingZoneNotSpec
2011-09-03 21:30:00,2011-09-03 21:59:47,SupplyTempTooCold
2011-09-03 20:59:56,2011-09-03 22:14:58,RuntimeExcessive
2011-09-03 21:59:47,2011-09-03 22:14:58,CoolingZoneNotSpec
2011-09-04 00:29:45,2011-09-04 09:59:53,DeltaT1CoolingZoneInSpec
2011-09-04 10:59:59,2011-09-04 12:44:45,CoolingZoneNotSpec
2011-09-04 12:44:45,2011-09-04 13:44:52,SupplyTempTooCold
2011-09-04 13:44:52,2011-09-04 21:15:00,CoolingZoneNotSpec
2011-08-30 20:59:54,2011-09-05 06:14:45,RuntimeExcessive
2011-09-04 23:29:56,2011-09-05 06:14:45,DeltaT1CoolingZoneInSpec
2011-09-05 09:59:59,2011-09-05 14:44:56,DeltaT1CoolingZoneInSpec
2011-09-05 15:14:56,2011-09-05 15:29:49,CoolingZoneNotSpec
2011-09-05 15:44:59,2011-09-05 19:59:59,CoolingZoneNotSpec
2011-09-05 20:59:48,2011-09-05 21:14:59,RuntimeExcessive
2011-09-05 20:59:51,2011-09-06 01:44:46,RuntimeExcessive
2011-09-05 23:29:52,2011-09-06 01:44:46,DeltaT1CoolingZoneInSpec
2011-09-06 09:59:47,2011-09-06 14:59:54,DeltaT1CoolingZoneInSpec
2011-09-06 15:29:54,2011-09-06 20:29:53,CoolingZoneNotSpec
2011-09-06 20:59:58,2011-09-06 21:14:51,RuntimeExcessive
2011-09-06 20:59:58,2011-09-06 21:14:51,SupplyTempTooCold
2011-09-06 21:00:01,2011-09-06 21:14:54,DeltaT1CoolingZoneInSpec
2011-09-06 21:00:01,2011-09-06 23:29:46,RuntimeExcessive
2011-09-07 09:59:54,2011-09-07 10:30:00,SupplyTempTooCold
2011-09-07 09:59:57,2011-09-07 14:44:54,DeltaT1CoolingZoneInSpec
2011-09-07 14:59:47,2011-09-07 15:29:49,DeltaT1CoolingZoneInSpec
2011-09-07 16:59:56,2011-09-07 20:14:49,CoolingZoneNotSpec
2011-09-07 21:00:00,2011-09-07 21:14:55,RuntimeExcessive
2011-09-07 20:59:46,2011-09-07 21:14:58,DeltaT1CoolingZoneInSpec
2011-09-07 20:59:46,2011-09-07 23:29:50,RuntimeExcessive
2011-09-08 09:59:48,2011-09-08 10:14:57,SupplyTempTooCold
2011-09-08 09:59:50,2011-09-08 15:44:53,DeltaT1CoolingZoneInSpec
2011-09-08 16:59:52,2011-09-08 17:14:45,CoolingZoneNotSpec
2011-09-08 20:59:47,2011-09-08 21:14:57,RuntimeExcessive
2011-09-08 20:44:53,2011-09-08 21:14:57,SupplyTempTooCold
2011-09-08 20:59:49,2011-09-08 23:29:48,RuntimeExcessive
2011-09-09 09:59:49,2011-09-09 14:44:52,DeltaT1CoolingZoneInSpec
2011-09-09 16:29:51,2011-09-09 20:44:54,CoolingZoneNotSpec
2011-09-09 20:59:49,2011-09-09 22:14:49,RuntimeExcessive
2011-09-09 21:59:57,2011-09-09 22:14:51,DeltaT1CoolingZoneInSpec
2011-09-09 20:59:51,2011-09-10 00:59:48,RuntimeExcessive
2011-09-09 23:29:53,2011-09-10 04:59:48,DeltaT1CoolingZoneInSpec
2011-09-10 09:59:52,2011-09-10 22:59:47,DeltaT1CoolingZoneInSpec
2011-09-10 20:59:52,2011-09-11 00:29:51,RuntimeExcessive
2011-09-11 11:00:01,2011-09-11 14:29:49,DeltaT1CoolingZoneInSpec
2011-09-11 15:44:47,2011-09-11 15:59:57,CoolingZoneNotSpec
2011-09-11 16:14:50,2011-09-11 16:30:00,CoolingZoneNotSpec
2011-09-11 17:00:01,2011-09-11 20:59:56,CoolingZoneNotSpec
2011-09-11 21:59:48,2011-09-11 23:44:53,RuntimeExcessive
2011-09-11 23:29:59,2011-09-11 23:44:53,DeltaT1CoolingZoneInSpec
2011-09-12 12:59:45,2011-09-12 13:14:56,SupplyTempTooCold
2011-09-12 09:59:50,2011-09-12 14:44:52,DeltaT1CoolingZoneInSpec
2011-09-12 13:44:59,2011-09-12 18:59:53,SupplyTempTooCold
2011-09-12 20:59:51,2011-09-12 21:14:45,RuntimeExcessive
2011-09-12 18:59:53,2011-09-12 21:14:45,CoolingZoneNotSpec
2011-09-12 20:59:54,2011-09-13 08:29:54,RuntimeExcessive
2011-09-12 23:29:59,2011-09-13 08:29:54,DeltaT1CoolingZoneInSpec
2011-09-13 10:44:57,2011-09-13 10:59:50,DeltaT1CoolingZoneInSpec
2011-09-13 11:29:53,2011-09-13 11:44:47,DeltaT1CoolingZoneInSpec
2011-09-13 12:14:50,2011-09-13 14:44:47,DeltaT1CoolingZoneInSpec
2011-09-13 11:59:54,2011-09-13 19:59:54,SupplyTempTooCold
2011-09-13 20:59:45,2011-09-13 21:14:57,RuntimeExcessive
2011-09-13 19:59:54,2011-09-13 21:14:57,CoolingZoneNotSpec
2011-09-13 23:29:57,2011-09-14 07:29:51,DeltaT1CoolingZoneInSpec
2011-09-13 20:59:47,2011-09-14 08:30:00,RuntimeExcessive
2011-09-14 10:44:49,2011-09-14 11:00:00,DeltaT1CoolingZoneInSpec
2011-09-14 14:44:54,2011-09-14 15:44:59,SupplyTempTooCold
2011-09-14 15:44:59,2011-09-14 17:44:54,CoolingZoneNotSpec
2011-09-14 17:59:46,2011-09-14 18:29:49,CoolingZoneNotSpec
2011-09-14 20:59:45,2011-09-14 21:14:57,RuntimeExcessive
2011-09-14 18:59:55,2011-09-14 21:44:46,DeltaT1CoolingZoneInSpec
2011-09-14 20:59:47,2011-09-14 23:29:47,RuntimeExcessive
2011-09-15 19:14:52,2011-09-15 19:30:00,SupplyTempTooCold
2011-09-15 15:44:51,2011-09-16 01:29:58,DeltaT1CoolingZoneInSpec
2011-09-17 18:14:52,2011-09-17 21:44:52,DeltaT1CoolingZoneInSpec
2011-09-17 23:44:50,2011-09-18 00:29:55,DeltaT1CoolingZoneInSpec
2011-09-18 03:00:52,2011-09-18 03:44:54,DATACHECK
2011-09-18 03:00:52,2011-09-18 03:44:54,DATACHECK
2011-09-18 03:00:52,2011-09-18 03:44:54,DATACHECK
2011-09-18 03:00:52,2011-09-18 03:44:54,DATACHECK
2011-09-18 03:00:52,2011-09-18 03:44:56,DATACHECK
2011-09-18 03:00:52,2011-09-18 03:44:57,DATACHECK
2011-09-18 03:00:52,2011-09-18 03:44:57,DATACHECK
2011-09-18 03:00:52,2011-09-18 03:44:57,DATACHECK
2011-09-18 03:00:52,2011-09-18 03:44:59,DATACHECK
2011-09-18 03:00:52,2011-09-18 03:44:59,DATACHECK
2011-09-18 03:00:52,2011-09-18 03:44:59,DATACHECK
2011-09-18 10:59:57,2011-09-18 12:29:49,DeltaT1CoolingZoneInSpec
2011-09-18 22:44:59,2011-09-18 23:30:00,DeltaT1CoolingZoneInSpec
2011-09-20 16:44:52,2011-09-20 22:14:48,DeltaT1CoolingZoneInSpec
2011-09-21 09:29:31,2011-09-21 09:44:31,strategies.xml
2011-09-21 16:14:48,2011-09-21 21:44:45,DeltaT1CoolingZoneInSpec
2011-09-23 18:14:45,2011-09-23 19:15:01,DeltaT1CoolingZoneInSpec
2011-09-23 23:44:53,2011-09-24 00:29:46,DeltaT1CoolingZoneInSpec
2011-09-24 23:59:58,2011-09-25 00:29:53,DeltaT1CoolingZoneInSpec
2011-09-26 22:29:51,2011-09-26 23:29:45,DeltaT1CoolingZoneInSpec
2011-09-27 16:44:58,2011-09-27 23:29:57,DeltaT1CoolingZoneInSpec
2011-09-28 14:59:53,2011-09-28 21:44:50,DeltaT1CoolingZoneInSpec
2011-09-29 12:59:52,2011-09-29 21:29:55,DeltaT1CoolingZoneInSpec
2011-09-29 23:29:53,2011-09-30 00:59:57,DeltaT1CoolingZoneInSpec
2011-09-30 00:15:00,2011-09-30 00:59:57,RuntimeExcessive
2011-09-30 15:29:57,2011-10-01 00:29:59,DeltaT1CoolingZoneInSpec
2011-10-01 17:14:57,2011-10-01 19:29:54,DeltaT1CoolingZoneInSpec
2011-10-02 22:29:52,2011-10-02 23:29:59,DeltaT1CoolingZoneInSpec
2011-10-03 22:29:57,2011-10-03 23:29:48,DeltaT1CoolingZoneInSpec
2011-10-04 16:29:46,2011-10-04 23:29:57,DeltaT1CoolingZoneInSpec
2011-10-05 17:14:55,2011-10-05 23:29:50,DeltaT1CoolingZoneInSpec
2011-10-06 15:44:52,2011-10-06 23:29:49,DeltaT1CoolingZoneInSpec
2011-10-07 15:29:54,2011-10-07 23:14:49,DeltaT1CoolingZoneInSpec
2011-10-08 13:15:01,2011-10-08 15:29:57,DeltaT1CoolingZoneInSpec
2011-10-08 17:59:58,2011-10-08 23:14:47,DeltaT1CoolingZoneInSpec
2011-10-09 14:14:59,2011-10-09 22:30:01,DeltaT1CoolingZoneInSpec
2011-10-10 17:44:50,2011-10-10 22:14:55,DeltaT1CoolingZoneInSpec
2011-10-11 16:00:01,2011-10-11 21:59:49,DeltaT1CoolingZoneInSpec
2011-10-13 18:44:59,2011-10-13 19:44:54,DeltaT1CoolingZoneInSpec
2011-10-13 22:59:59,2011-10-13 23:29:48,DeltaT1CoolingZoneInSpec
2011-10-14 17:29:49,2011-10-14 20:29:57,DeltaT1CoolingZoneInSpec
2011-10-15 23:44:52,2011-10-16 00:30:00,DeltaT1CoolingZoneInSpec
2011-10-16 14:59:59,2011-10-16 23:29:53,DeltaT1CoolingZoneInSpec
2011-10-17 17:59:51,2011-10-17 23:29:50,DeltaT1CoolingZoneInSpec
2011-10-25 17:00:00,2011-10-25 19:29:47,DeltaT1CoolingZoneInSpec
2011-10-25 22:29:55,2011-10-25 23:29:46,DeltaT1CoolingZoneInSpec
2011-10-26 22:44:56,2011-10-26 23:29:55,DeltaT1CoolingZoneInSpec
2011-10-28 02:00:18,2011-10-28 02:15:18,strategies.xml
2011-11-02 10:44:52,2011-11-02 10:59:45,OutputSetToOn
2011-11-02 10:59:45,2011-11-02 11:14:54,OutputSetToOff
2011-11-02 11:29:48,2011-11-02 12:14:59,OutputSetToOff
2011-11-06 00:44:49,2011-11-06 01:00:00,DATACHECK
2011-11-06 00:44:49,2011-11-06 01:00:00,DATACHECK
2011-11-06 00:45:00,2011-11-06 01:00:00,DATACHECK
2011-11-06 00:45:00,2011-11-06 01:00:00,DATACHECK
2011-11-06 00:45:00,2011-11-06 01:00:00,DATACHECK
2011-11-06 00:44:49,2011-11-06 01:00:00,DATACHECK
2011-11-06 00:44:49,2011-11-06 01:00:00,DATACHECK
2011-11-06 00:44:50,2011-11-06 01:00:01,DATACHECK
2011-11-06 00:59:46,2011-11-06 01:14:46,DATACHECK
2011-11-06 00:59:46,2011-11-06 01:14:46,DATACHECK
2011-11-06 00:59:46,2011-11-06 01:14:46,DATACHECK
2011-11-06 00:59:46,2011-11-06 01:14:46,DATACHECK
2011-11-06 00:59:47,2011-11-06 01:14:47,DATACHECK
2011-11-06 00:59:51,2011-11-06 01:14:51,DATACHECK
2011-12-08 10:29:49,2011-12-08 10:44:58,HeatingZoneNotSpec
2012-01-12 10:15:00,2012-01-12 11:29:57,OutputSetToOff
2012-01-12 14:59:57,2012-01-12 15:14:49,OutputSetToOff
2012-01-13 09:59:56,2012-01-13 10:14:49,DeltaT2HeatingZoneInSpec
2012-01-20 15:59:45,2012-01-20 16:14:55,OutputSetToOff
2012-02-11 09:59:45,2012-02-11 10:14:52,DeltaT1HeatingZoneInSpec
2012-02-12 10:59:49,2012-02-12 11:29:52,DeltaT2HeatingZoneInSpec
2012-03-02 15:44:49,2012-03-16 15:05:50,DATACHECK
2012-03-02 15:44:49,2012-03-16 15:05:50,DATACHECK
2012-03-02 15:45:00,2012-03-16 15:05:50,DATACHECK
2012-03-02 15:45:00,2012-03-16 15:05:50,DATACHECK
2012-03-02 15:45:00,2012-03-16 15:05:50,DATACHECK
2012-03-02 15:44:49,2012-03-16 15:05:50,DATACHECK
2012-03-02 15:44:49,2012-03-16 15:05:50,DATACHECK
2012-03-02 15:44:50,2012-03-16 15:05:51,DATACHECK
2012-03-02 15:44:51,2012-03-16 15:14:53,DATACHECK
2012-03-02 15:44:52,2012-03-16 15:14:54,DATACHECK
2012-03-02 15:44:51,2012-03-16 15:14:54,DATACHECK
2012-03-02 15:44:51,2012-03-16 15:14:54,DATACHECK
2012-03-02 15:44:51,2012-03-16 15:14:54,DATACHECK
2012-03-02 15:44:56,2012-03-16 15:14:58,DATACHECK
2012-03-02 21:56:38,2012-03-16 17:33:18,NOCOMMS
2012-03-26 08:59:54,2012-03-26 09:29:54,OutputSetToOff
2012-03-31 16:29:54,2012-03-31 16:59:54,SupplyTempTooCold
2012-04-01 15:29:53,2012-04-01 18:44:52,SupplyTempTooCold
2012-04-01 21:59:53,2012-04-01 23:29:59,RuntimeExcessive
2012-04-02 16:14:48,2012-04-02 16:29:57,SupplyTempTooCold
2012-04-06 06:33:49,2012-04-06 13:48:59,NOCOMMS
2012-04-08 02:44:38,2012-04-08 10:47:28,NOCOMMS
2012-04-10 10:44:52,2012-04-10 11:29:45,OutputSetToOff
2012-04-10 11:29:45,2012-04-12 09:29:49,OutputSetToOn
2012-04-12 09:29:49,2012-04-12 09:59:51,OutputSetToOff
2012-04-12 14:44:55,2012-04-12 19:14:54,OutputSetToOff
2012-04-15 06:02:42,2012-04-15 14:54:51,NOCOMMS
2012-04-26 16:14:52,2012-04-26 18:59:47,SupplyTempTooCold
2012-04-26 20:59:49,2012-04-26 21:14:59,RuntimeExcessive
2012-04-26 22:44:47,2012-04-26 23:29:59,RuntimeExcessive
2012-04-29 21:59:56,2012-04-29 23:29:59,RuntimeExcessive
2012-05-01 14:29:56,2012-05-01 19:14:54,SupplyTempTooCold
2012-05-01 20:59:51,2012-05-01 21:15:00,RuntimeExcessive
2012-05-01 20:59:53,2012-05-01 23:29:59,RuntimeExcessive
2012-05-02 12:59:52,2012-05-02 14:14:47,SupplyTempTooCold
2012-05-02 14:59:55,2012-05-02 16:29:56,SupplyTempTooCold
2012-05-02 16:59:58,2012-05-02 20:14:54,SupplyTempTooCold
2012-05-02 20:59:48,2012-05-02 21:14:58,RuntimeExcessive
2012-05-02 20:59:51,2012-05-02 23:30:00,RuntimeExcessive
2012-05-03 20:59:51,2012-05-03 21:14:46,RuntimeExcessive
2012-05-03 20:59:54,2012-05-03 23:29:58,RuntimeExcessive
2012-05-04 09:59:47,2012-05-04 10:14:55,SupplyTempTooCold
2012-05-04 13:45:00,2012-05-04 14:15:00,SupplyTempTooCold
2012-05-04 19:59:46,2012-05-04 21:44:58,SupplyTempTooCold
2012-05-04 20:59:49,2012-05-04 22:15:00,RuntimeExcessive
2012-05-05 12:29:53,2012-05-05 12:45:01,SupplyTempTooCold
2012-05-05 12:59:53,2012-05-05 13:59:53,SupplyTempTooCold
2012-05-05 14:14:46,2012-05-05 14:44:46,SupplyTempTooCold
2012-05-05 19:59:58,2012-05-05 20:44:50,SupplyTempTooCold
2012-05-05 20:59:57,2012-05-05 22:14:53,RuntimeExcessive
2012-05-05 20:59:59,2012-05-06 00:29:46,RuntimeExcessive
2012-05-06 11:00:00,2012-05-06 13:59:46,SupplyTempTooCold
2012-05-06 14:29:46,2012-05-06 14:44:54,SupplyTempTooCold
2012-05-06 18:29:52,2012-05-06 19:14:46,SupplyTempTooCold
2012-05-06 19:29:53,2012-05-06 20:14:45,CoolingZoneNotSpec
2012-05-06 22:00:00,2012-05-07 07:14:57,RuntimeExcessive
2012-05-12 07:17:57,2012-05-12 11:29:06,NOCOMMS
2012-05-14 22:59:46,2012-05-14 23:14:55,SupplyTempTooCold
2012-05-16 15:14:54,2012-05-16 15:44:57,SupplyTempTooCold
2012-05-16 16:15:00,2012-05-16 19:14:56,SupplyTempTooCold
2012-05-17 16:45:00,2012-05-17 17:14:47,SupplyTempTooCold
2012-05-17 19:14:58,2012-05-17 20:29:57,CoolingZoneNotSpec
2012-05-17 20:44:50,2012-05-17 21:00:01,CoolingZoneNotSpec
2012-05-17 21:00:01,2012-05-17 21:14:55,RuntimeExcessive
2012-05-18 13:14:57,2012-05-18 20:14:59,SupplyTempTooCold
2012-05-18 20:59:55,2012-05-18 22:14:52,RuntimeExcessive
2012-05-19 11:44:54,2012-05-19 20:29:51,SupplyTempTooCold
2012-05-19 20:59:54,2012-05-19 22:14:55,RuntimeExcessive
2012-05-19 20:59:56,2012-05-20 00:29:56,RuntimeExcessive
2012-05-20 10:59:55,2012-05-20 18:59:59,SupplyTempTooCold
2012-05-20 18:59:59,2012-05-20 20:59:54,CoolingZoneNotSpec
2012-05-20 22:00:01,2012-05-20 23:29:54,RuntimeExcessive
2012-05-21 16:44:56,2012-05-21 20:29:55,CoolingZoneNotSpec
2012-05-21 21:00:00,2012-05-21 23:30:00,RuntimeExcessive
2012-05-22 16:59:55,2012-05-22 21:14:54,CoolingZoneNotSpec
2012-05-22 20:59:59,2012-05-22 21:14:54,RuntimeExcessive
2012-05-23 17:14:55,2012-05-23 17:29:47,CoolingZoneNotSpec
2012-05-23 17:59:48,2012-05-23 18:59:54,CoolingZoneNotSpec
2012-05-23 19:14:47,2012-05-23 19:29:57,CoolingZoneNotSpec
2012-05-24 12:14:50,2012-05-24 12:29:59,SupplyTempTooCold
2012-05-24 12:44:52,2012-05-24 13:29:47,SupplyTempTooCold
2012-05-24 13:44:56,2012-05-24 17:59:57,SupplyTempTooCold
2012-05-24 18:14:49,2012-05-24 19:44:59,SupplyTempTooCold
2012-05-24 20:59:59,2012-05-24 21:14:54,RuntimeExcessive
2012-05-24 21:00:01,2012-05-24 23:29:53,RuntimeExcessive
2012-05-25 12:44:46,2012-05-25 15:14:58,SupplyTempTooCold
2012-05-25 16:59:56,2012-05-25 20:29:55,CoolingZoneNotSpec
2012-05-25 21:14:50,2012-05-25 22:14:58,RuntimeExcessive
2012-05-25 20:29:55,2012-05-25 22:14:58,SupplyTempTooCold
2012-05-25 20:59:45,2012-05-26 04:14:57,RuntimeExcessive
2012-05-26 10:44:46,2012-05-26 13:59:54,SupplyTempTooCold
2012-05-26 15:29:47,2012-05-26 19:44:45,CoolingZoneNotSpec
2012-05-26 19:44:45,2012-05-26 21:44:52,SupplyTempTooCold
2012-05-26 20:59:57,2012-05-26 22:14:55,RuntimeExcessive
2012-05-26 20:59:59,2012-05-27 07:44:53,RuntimeExcessive
2012-05-27 10:29:56,2012-05-27 13:44:59,SupplyTempTooCold
2012-05-27 14:44:46,2012-05-27 19:44:53,CoolingZoneNotSpec
2012-05-27 19:44:53,2012-05-27 21:14:46,SupplyTempTooCold
2012-05-27 21:29:57,2012-05-28 05:59:45,RuntimeExcessive
2012-05-28 10:44:46,2012-05-28 14:59:55,SupplyTempTooCold
2012-05-28 15:44:51,2012-05-28 19:44:55,CoolingZoneNotSpec
2012-05-28 20:59:54,2012-05-28 21:14:49,RuntimeExcessive
2012-05-28 19:44:55,2012-05-28 21:14:49,SupplyTempTooCold
2012-05-28 20:59:56,2012-05-29 00:14:48,RuntimeExcessive
2012-05-29 10:44:51,2012-05-29 13:29:54,SupplyTempTooCold
2012-05-29 14:44:50,2012-05-29 20:44:57,CoolingZoneNotSpec
2012-05-29 20:59:49,2012-05-29 21:15:00,RuntimeExcessive
2012-05-29 20:44:57,2012-05-29 21:15:00,SupplyTempTooCold
2012-05-29 20:59:52,2012-05-30 23:29:48,RuntimeExcessive
2012-05-31 13:29:47,2012-05-31 18:44:51,SupplyTempTooCold
2012-05-31 20:59:58,2012-05-31 21:14:52,RuntimeExcessive
2012-06-01 20:59:55,2012-06-01 22:14:53,RuntimeExcessive
2012-06-03 15:15:00,2012-06-03 16:14:53,SupplyTempTooCold
2012-06-03 16:29:46,2012-06-03 18:44:52,SupplyTempTooCold
2012-06-04 16:44:58,2012-06-04 16:59:52,SupplyTempTooCold
2012-06-04 20:59:54,2012-06-04 21:14:48,RuntimeExcessive
2012-06-05 14:44:51,2012-06-05 15:29:45,SupplyTempTooCold
2012-06-05 15:59:48,2012-06-05 16:29:49,SupplyTempTooCold
2012-06-05 16:59:53,2012-06-05 17:14:45,CoolingZoneNotSpec
2012-06-05 17:14:45,2012-06-05 17:59:56,SupplyTempTooCold
2012-06-05 18:44:53,2012-06-05 19:29:46,CoolingZoneNotSpec
2012-06-05 20:59:56,2012-06-05 23:29:55,RuntimeExcessive
2012-06-06 16:59:59,2012-06-06 17:14:53,CoolingZoneNotSpec
2012-06-06 17:44:53,2012-06-06 19:29:55,CoolingZoneNotSpec
2012-06-06 20:59:49,2012-06-06 21:15:00,RuntimeExcessive
2012-06-06 20:59:51,2012-06-06 23:29:52,RuntimeExcessive
2012-06-07 02:00:19,2012-06-07 02:15:19,strategies.xml
2012-06-07 02:00:19,2012-06-07 02:15:19,strategies.xml
2012-06-07 15:44:48,2012-06-07 21:14:54,CoolingZoneNotSpec
2012-06-07 21:00:01,2012-06-07 21:14:54,RuntimeExcessive
2012-06-07 20:59:47,2012-06-08 03:44:50,RuntimeExcessive
2012-06-08 14:14:46,2012-06-08 14:29:55,CoolingZoneNotSpec
2012-06-08 14:29:55,2012-06-08 20:29:53,SupplyTempTooCold
2012-06-08 20:59:54,2012-06-08 22:14:54,RuntimeExcessive
2012-06-08 20:29:53,2012-06-08 22:14:54,CoolingZoneNotSpec
2012-06-08 20:59:56,2012-06-09 00:29:57,RuntimeExcessive
2012-06-09 11:44:48,2012-06-09 16:44:57,SupplyTempTooCold
2012-06-09 16:44:57,2012-06-09 18:44:48,CoolingZoneNotSpec
2012-06-09 18:44:48,2012-06-09 21:29:49,SupplyTempTooCold
2012-06-09 20:59:48,2012-06-09 22:14:47,RuntimeExcessive
2012-06-09 21:29:49,2012-06-09 22:14:47,CoolingZoneNotSpec
2012-06-10 16:59:48,2012-06-10 20:14:53,SupplyTempTooCold
2012-06-09 20:59:50,2012-06-10 23:29:48,RuntimeExcessive
2012-06-11 10:44:45,2012-06-11 13:45:01,SupplyTempTooCold
2012-06-11 14:29:56,2012-06-11 14:44:47,CoolingZoneNotSpec
2012-06-11 19:29:46,2012-06-11 19:59:48,SupplyTempTooCold
2012-06-11 20:14:57,2012-06-11 20:29:49,SupplyTempTooCold
2012-06-11 20:59:53,2012-06-11 21:14:46,RuntimeExcessive
2012-06-11 20:59:55,2012-06-11 23:29:49,RuntimeExcessive
2012-06-12 14:30:00,2012-06-12 14:59:46,SupplyTempTooCold
2012-06-12 15:29:47,2012-06-12 15:44:57,SupplyTempTooCold
2012-06-12 15:59:52,2012-06-12 16:44:49,SupplyTempTooCold
2012-06-12 16:59:59,2012-06-12 19:59:57,SupplyTempTooCold
2012-06-12 20:59:46,2012-06-12 21:14:57,RuntimeExcessive
2012-06-12 20:59:48,2012-06-12 23:30:01,RuntimeExcessive
2012-06-13 14:14:56,2012-06-13 14:29:49,SupplyTempTooCold
2012-06-13 14:59:52,2012-06-13 16:14:49,SupplyTempTooCold
2012-06-13 16:30:00,2012-06-13 17:29:49,CoolingZoneNotSpec
2012-06-13 17:29:49,2012-06-13 19:14:48,SupplyTempTooCold
2012-06-13 19:14:48,2012-06-13 20:29:46,CoolingZoneNotSpec
2012-06-13 20:59:49,2012-06-13 21:14:59,RuntimeExcessive
2012-06-13 20:59:49,2012-06-13 21:14:59,CoolingZoneNotSpec
2012-06-13 20:59:51,2012-06-13 23:29:47,RuntimeExcessive
2012-06-14 11:44:57,2012-06-14 12:29:53,SupplyTempTooCold
2012-06-14 13:14:47,2012-06-14 13:44:50,SupplyTempTooCold
2012-06-14 14:14:54,2012-06-14 14:44:58,SupplyTempTooCold
2012-06-14 14:59:51,2012-06-14 20:29:47,SupplyTempTooCold
2012-06-14 20:59:49,2012-06-14 21:15:01,RuntimeExcessive
2012-06-14 20:29:47,2012-06-14 21:15:01,CoolingZoneNotSpec
2012-06-14 20:59:51,2012-06-14 23:29:51,RuntimeExcessive
2012-06-15 10:59:49,2012-06-15 11:29:50,SupplyTempTooCold
2012-06-15 11:44:45,2012-06-15 13:44:57,SupplyTempTooCold
2012-06-15 13:59:49,2012-06-15 21:29:47,CoolingZoneNotSpec
2012-06-15 20:59:45,2012-06-15 22:14:58,RuntimeExcessive
2012-06-15 21:29:47,2012-06-15 22:14:58,SupplyTempTooCold
2012-06-15 20:59:47,2012-06-16 00:44:50,RuntimeExcessive
2012-06-16 10:14:49,2012-06-16 12:29:48,SupplyTempTooCold
2012-06-16 12:44:58,2012-06-16 21:44:53,CoolingZoneNotSpec
2012-06-16 20:59:56,2012-06-16 22:14:57,RuntimeExcessive
2012-06-16 21:44:53,2012-06-16 22:14:57,SupplyTempTooCold
2012-06-16 20:59:58,2012-06-17 06:44:49,RuntimeExcessive
2012-06-17 10:44:48,2012-06-17 12:44:57,SupplyTempTooCold
2012-06-17 12:44:57,2012-06-17 20:14:51,CoolingZoneNotSpec
2012-06-17 20:14:51,2012-06-17 21:14:57,SupplyTempTooCold
2012-06-17 21:44:46,2012-06-18 08:44:46,RuntimeExcessive
2012-06-18 11:14:53,2012-06-18 14:29:57,SupplyTempTooCold
2012-06-18 14:29:57,2012-06-18 20:44:58,CoolingZoneNotSpec
2012-06-18 20:44:58,2012-06-18 21:44:48,SupplyTempTooCold
2012-06-18 21:15:00,2012-06-18 22:14:49,RuntimeExcessive
2012-06-18 21:44:48,2012-06-18 22:14:49,CoolingZoneNotSpec
2012-06-18 20:59:54,2012-06-18 23:44:46,RuntimeExcessive
2012-06-19 09:59:48,2012-06-19 10:29:52,SupplyTempTooCold
2012-06-19 11:44:50,2012-06-19 13:59:50,SupplyTempTooCold
2012-06-19 13:59:50,2012-06-19 19:44:52,CoolingZoneNotSpec
2012-06-19 19:44:52,2012-06-19 21:44:48,SupplyTempTooCold
2012-06-19 20:59:52,2012-06-19 22:14:53,RuntimeExcessive
2012-06-19 21:44:48,2012-06-19 22:14:53,CoolingZoneNotSpec
2012-06-20 10:14:50,2012-06-20 13:44:48,SupplyTempTooCold
2012-06-20 13:44:48,2012-06-20 20:14:58,CoolingZoneNotSpec
2012-06-20 20:14:58,2012-06-20 22:14:52,SupplyTempTooCold
2012-06-20 21:14:45,2012-06-20 22:14:52,RuntimeExcessive
2012-06-19 20:59:54,2012-06-21 06:14:49,RuntimeExcessive
2012-06-21 10:44:58,2012-06-21 13:30:00,SupplyTempTooCold
2012-06-21 13:44:53,2012-06-21 19:44:53,CoolingZoneNotSpec
2012-06-21 20:59:49,2012-06-21 22:14:49,RuntimeExcessive
2012-06-21 19:44:53,2012-06-21 22:14:49,SupplyTempTooCold
2012-06-21 20:59:52,2012-06-22 08:44:46,RuntimeExcessive
2012-06-22 09:59:58,2012-06-22 13:44:54,SupplyTempTooCold
2012-06-22 13:59:45,2012-06-22 20:59:49,CoolingZoneNotSpec
2012-06-22 20:59:49,2012-06-22 22:14:49,SupplyTempTooCold
2012-06-22 21:14:58,2012-06-22 23:14:57,RuntimeExcessive
2012-06-22 22:14:49,2012-06-22 23:14:57,CoolingZoneNotSpec
2012-06-23 10:29:51,2012-06-23 11:29:56,SupplyTempTooCold
2012-06-23 11:44:49,2012-06-23 13:59:50,SupplyTempTooCold
2012-06-23 13:59:50,2012-06-23 20:14:56,CoolingZoneNotSpec
2012-06-23 20:14:56,2012-06-23 21:59:58,SupplyTempTooCold
2012-06-23 20:59:52,2012-06-23 23:14:56,RuntimeExcessive
2012-06-23 21:59:58,2012-06-23 23:14:56,CoolingZoneNotSpec
2012-06-24 10:29:58,2012-06-24 12:59:56,SupplyTempTooCold
2012-06-24 13:29:57,2012-06-24 20:59:50,CoolingZoneNotSpec
2012-06-24 21:29:53,2012-06-24 22:14:51,RuntimeExcessive
2012-06-24 20:59:50,2012-06-24 22:14:51,SupplyTempTooCold
2012-06-25 09:59:49,2012-06-25 12:29:46,SupplyTempTooCold
2012-06-25 12:29:46,2012-06-25 22:14:50,CoolingZoneNotSpec
2012-06-25 20:59:52,2012-06-25 22:29:59,RuntimeExcessive
2012-06-26 09:59:50,2012-06-26 11:14:50,CoolingZoneNotSpec
2012-06-26 11:14:50,2012-06-26 14:14:50,SupplyTempTooCold
2012-06-26 14:14:50,2012-06-26 19:14:59,CoolingZoneNotSpec
2012-06-26 19:14:59,2012-06-26 20:59:46,SupplyTempTooCold
2012-06-26 20:59:46,2012-06-26 22:14:45,RuntimeExcessive
2012-06-26 20:59:46,2012-06-26 22:14:45,CoolingZoneNotSpec
2012-06-22 20:59:51,2012-06-27 07:29:45,RuntimeExcessive
2012-06-27 11:29:47,2012-06-27 14:59:46,SupplyTempTooCold
2012-06-27 14:59:46,2012-06-27 20:14:48,CoolingZoneNotSpec
2012-06-27 20:59:59,2012-06-27 22:14:57,RuntimeExcessive
2012-06-27 20:14:48,2012-06-27 22:14:57,SupplyTempTooCold
2012-06-27 20:59:46,2012-06-28 08:29:46,RuntimeExcessive
2012-06-28 09:59:52,2012-06-28 11:59:47,SupplyTempTooCold
2012-06-28 13:14:59,2012-06-28 22:14:50,CoolingZoneNotSpec
2012-06-28 20:59:54,2012-06-28 22:44:51,RuntimeExcessive
2012-06-29 09:59:54,2012-06-29 10:29:57,SupplyTempTooCold
2012-06-29 10:29:57,2012-06-29 23:14:50,CoolingZoneNotSpec
2012-06-29 20:59:58,2012-06-29 23:44:52,RuntimeExcessive
2012-06-30 09:59:52,2012-06-30 10:29:56,SupplyTempTooCold
2012-06-30 10:29:56,2012-06-30 23:14:46,CoolingZoneNotSpec
2012-06-30 20:59:57,2012-06-30 23:14:46,RuntimeExcessive
2012-07-01 10:59:57,2012-07-01 22:14:46,CoolingZoneNotSpec
2012-07-01 21:59:51,2012-07-01 22:29:55,RuntimeExcessive
2012-07-02 09:59:49,2012-07-02 12:14:52,SupplyTempTooCold
2012-07-02 12:29:45,2012-07-02 21:44:46,CoolingZoneNotSpec
2012-07-02 21:15:00,2012-07-02 22:14:50,RuntimeExcessive
2012-07-02 21:44:46,2012-07-02 22:14:50,SupplyTempTooCold
2012-07-03 09:59:56,2012-07-03 10:30:00,SupplyTempTooCold
2012-07-03 10:30:00,2012-07-03 21:59:48,CoolingZoneNotSpec
2012-07-03 20:59:58,2012-07-03 22:14:56,RuntimeExcessive
2012-07-03 21:59:48,2012-07-03 22:14:56,SupplyTempTooCold
2012-07-04 09:59:56,2012-07-04 11:59:48,SupplyTempTooCold
2012-07-04 11:59:48,2012-07-04 22:14:56,CoolingZoneNotSpec
2012-07-04 20:59:57,2012-07-04 22:29:50,RuntimeExcessive
2012-07-05 09:59:54,2012-07-05 10:29:57,SupplyTempTooCold
2012-07-05 11:00:00,2012-07-05 22:14:59,CoolingZoneNotSpec
2012-07-05 20:59:59,2012-07-05 22:45:01,RuntimeExcessive
2012-06-28 20:59:56,2012-07-06 15:14:48,RuntimeExcessive
2012-07-06 09:59:44,2012-07-06 23:14:57,CoolingZoneNotSpec
2012-07-06 20:59:49,2012-07-06 23:14:57,RuntimeExcessive
2012-07-07 09:59:47,2012-07-07 10:14:57,SupplyTempTooCold
2012-07-07 10:14:57,2012-07-07 22:44:46,CoolingZoneNotSpec
2012-07-07 20:59:59,2012-07-07 23:14:50,RuntimeExcessive
2012-07-07 22:44:46,2012-07-07 23:14:50,SupplyTempTooCold
2012-07-08 10:14:45,2012-07-08 10:44:47,SupplyTempTooCold
2012-07-08 11:44:54,2012-07-08 22:14:50,CoolingZoneNotSpec
2012-07-08 21:29:52,2012-07-08 22:14:50,RuntimeExcessive
2012-07-09 15:00:00,2012-07-09 21:45:01,SupplyTempTooCold
2012-07-09 20:59:48,2012-07-09 22:14:48,RuntimeExcessive
2012-07-10 09:59:47,2012-07-10 10:14:56,CoolingZoneNotSpec
2012-07-10 10:14:56,2012-07-10 12:29:58,SupplyTempTooCold
2012-07-10 13:14:54,2012-07-10 13:59:50,CoolingZoneNotSpec
2012-07-10 13:59:50,2012-07-10 14:44:59,SupplyTempTooCold
2012-07-10 15:14:45,2012-07-10 15:59:58,CoolingZoneNotSpec
2012-07-10 16:14:51,2012-07-10 16:44:52,CoolingZoneNotSpec
2012-07-10 17:44:56,2012-07-10 18:29:52,SupplyTempTooCold
2012-07-10 20:59:50,2012-07-10 22:14:50,RuntimeExcessive
2012-07-11 12:44:53,2012-07-11 14:59:59,SupplyTempTooCold
2012-07-11 15:44:54,2012-07-11 20:44:51,CoolingZoneNotSpec
2012-07-11 20:59:45,2012-07-11 22:14:46,RuntimeExcessive
2012-07-11 20:44:51,2012-07-11 22:14:46,SupplyTempTooCold
2012-07-12 09:59:53,2012-07-12 15:14:52,SupplyTempTooCold
2012-07-12 15:14:52,2012-07-12 20:30:00,CoolingZoneNotSpec
2012-07-12 20:30:00,2012-07-12 21:59:52,SupplyTempTooCold
2012-07-12 20:59:47,2012-07-12 22:14:47,RuntimeExcessive
2012-07-12 21:59:52,2012-07-12 22:14:47,CoolingZoneNotSpec
2012-07-13 10:59:59,2012-07-13 14:29:47,SupplyTempTooCold
2012-07-13 15:29:52,2012-07-13 21:29:46,CoolingZoneNotSpec
2012-07-13 21:29:46,2012-07-13 22:44:46,SupplyTempTooCold
2012-07-13 21:00:00,2012-07-13 23:14:52,RuntimeExcessive
2012-07-14 11:14:59,2012-07-14 13:44:52,SupplyTempTooCold
2012-07-14 15:14:45,2012-07-14 15:29:55,SupplyTempTooCold
2012-07-14 16:59:58,2012-07-14 21:30:00,SupplyTempTooCold
2012-07-14 20:59:59,2012-07-14 23:14:48,RuntimeExcessive
2012-07-15 11:44:58,2012-07-15 12:59:56,SupplyTempTooCold
2012-07-15 13:14:51,2012-07-15 13:30:00,SupplyTempTooCold
2012-07-15 14:14:55,2012-07-15 20:15:01,CoolingZoneNotSpec
2012-07-15 20:15:01,2012-07-15 21:44:50,SupplyTempTooCold
2012-07-15 21:59:59,2012-07-15 22:14:54,RuntimeExcessive
2012-07-15 21:44:50,2012-07-15 22:14:54,CoolingZoneNotSpec
2012-07-16 11:29:54,2012-07-16 13:45:00,SupplyTempTooCold
2012-07-16 13:45:00,2012-07-16 15:29:57,CoolingZoneNotSpec
2012-07-16 15:29:57,2012-07-16 19:29:57,SupplyTempTooCold
2012-07-16 20:29:47,2012-07-16 20:59:50,CoolingZoneNotSpec
2012-07-16 20:59:50,2012-07-16 22:14:50,RuntimeExcessive
2012-07-17 09:59:59,2012-07-17 12:44:46,SupplyTempTooCold
2012-07-17 14:14:55,2012-07-17 22:14:47,CoolingZoneNotSpec
2012-07-17 20:59:47,2012-07-17 22:14:47,RuntimeExcessive
2012-07-18 11:59:56,2012-07-18 22:14:48,CoolingZoneNotSpec
2012-07-18 20:59:50,2012-07-18 22:29:58,RuntimeExcessive
2012-07-19 11:14:56,2012-07-19 11:59:55,CoolingZoneNotSpec
2012-07-19 12:59:57,2012-07-19 21:29:58,CoolingZoneNotSpec
2012-07-19 21:29:58,2012-07-19 22:14:56,SupplyTempTooCold
2012-07-20 10:00:00,2012-07-20 11:14:58,SupplyTempTooCold
2012-07-20 11:14:58,2012-07-20 23:14:57,CoolingZoneNotSpec
2012-07-20 20:59:50,2012-07-20 23:44:59,RuntimeExcessive
2012-07-21 09:59:48,2012-07-21 11:59:56,SupplyTempTooCold
2012-07-21 11:59:56,2012-07-21 21:59:51,CoolingZoneNotSpec
2012-07-21 20:59:47,2012-07-21 23:14:50,RuntimeExcessive
2012-07-21 21:59:51,2012-07-21 23:14:50,SupplyTempTooCold
2012-07-08 12:23:33,2012-07-22 09:14:48,StrategyOff
2012-07-22 10:14:51,2012-07-22 11:44:59,SupplyTempTooCold
2012-07-22 11:44:59,2012-07-22 21:44:51,CoolingZoneNotSpec
2012-07-22 21:44:51,2012-07-22 22:14:55,SupplyTempTooCold
2012-07-22 21:29:58,2012-07-22 22:44:58,RuntimeExcessive
2012-07-23 09:59:53,2012-07-23 12:45:01,SupplyTempTooCold
2012-07-23 12:45:01,2012-07-23 21:14:50,CoolingZoneNotSpec
2012-07-23 21:14:50,2012-07-23 22:14:56,SupplyTempTooCold
2012-07-23 20:59:56,2012-07-23 22:29:49,RuntimeExcessive
2012-07-24 09:59:57,2012-07-24 11:29:47,SupplyTempTooCold
2012-07-24 11:29:47,2012-07-24 22:14:52,CoolingZoneNotSpec
2012-07-24 20:59:55,2012-07-24 22:59:48,RuntimeExcessive
2012-07-25 09:59:56,2012-07-25 10:14:53,SupplyTempTooCold
2012-07-25 10:14:53,2012-07-25 22:14:53,CoolingZoneNotSpec
2012-07-25 20:59:53,2012-07-25 22:44:46,RuntimeExcessive
2012-07-26 09:59:56,2012-07-26 10:29:49,SupplyTempTooCold
2012-07-26 10:29:49,2012-07-26 20:14:50,CoolingZoneNotSpec
2012-07-26 20:14:50,2012-07-26 22:14:55,SupplyTempTooCold
2012-07-26 21:14:49,2012-07-26 22:14:55,RuntimeExcessive
2012-07-27 09:59:53,2012-07-27 10:29:45,CoolingZoneNotSpec
2012-07-27 10:29:45,2012-07-27 12:45:00,SupplyTempTooCold
2012-07-27 12:45:00,2012-07-27 22:44:57,CoolingZoneNotSpec
2012-07-27 22:44:57,2012-07-27 23:14:51,SupplyTempTooCold
2012-07-27 20:59:50,2012-07-27 23:29:46,RuntimeExcessive
2012-07-28 09:59:48,2012-07-28 11:29:56,SupplyTempTooCold
2012-07-28 11:29:56,2012-07-28 21:44:50,CoolingZoneNotSpec
2012-07-28 21:44:50,2012-07-28 22:59:46,SupplyTempTooCold
2012-07-28 20:59:45,2012-07-28 23:15:00,RuntimeExcessive
2012-07-28 22:59:46,2012-07-28 23:15:00,CoolingZoneNotSpec
2012-07-29 10:14:56,2012-07-29 13:14:56,SupplyTempTooCold
2012-07-29 13:14:56,2012-07-29 20:59:50,CoolingZoneNotSpec
2012-07-29 21:30:00,2012-07-29 22:14:49,RuntimeExcessive
2012-07-29 20:59:50,2012-07-29 22:14:49,SupplyTempTooCold
2012-07-30 10:00:00,2012-07-30 12:14:58,SupplyTempTooCold
2012-07-30 12:14:58,2012-07-30 21:44:54,CoolingZoneNotSpec
2012-07-30 21:44:54,2012-07-30 22:14:48,SupplyTempTooCold
2012-07-30 20:59:48,2012-07-30 22:44:57,RuntimeExcessive
2012-07-31 09:59:56,2012-07-31 13:29:49,CoolingZoneNotSpec
2012-07-31 13:29:49,2012-07-31 22:15:00,SupplyTempTooCold
2012-07-31 20:59:58,2012-07-31 22:15:00,RuntimeExcessive
2012-08-01 10:00:00,2012-08-01 12:44:55,CoolingZoneNotSpec
2012-08-01 12:44:55,2012-08-01 14:59:54,SupplyTempTooCold
2012-08-01 14:59:54,2012-08-01 20:14:58,CoolingZoneNotSpec
2012-08-01 21:15:00,2012-08-01 22:14:48,RuntimeExcessive
2012-08-01 20:14:58,2012-08-01 22:14:48,SupplyTempTooCold
2012-08-02 09:59:58,2012-08-02 11:44:47,CoolingZoneNotSpec
2012-08-02 12:29:54,2012-08-02 14:14:59,SupplyTempTooCold
2012-08-02 14:14:59,2012-08-02 22:14:56,CoolingZoneNotSpec
2012-08-02 20:59:55,2012-08-02 22:14:56,RuntimeExcessive
2012-08-03 10:00:00,2012-08-03 11:29:55,SupplyTempTooCold
2012-08-03 11:29:55,2012-08-03 22:29:56,CoolingZoneNotSpec
2012-08-03 20:59:47,2012-08-03 23:15:00,RuntimeExcessive
2012-08-03 22:29:56,2012-08-03 23:15:00,SupplyTempTooCold
2012-08-04 09:59:59,2012-08-04 12:14:55,SupplyTempTooCold
2012-08-04 12:14:55,2012-08-04 22:59:47,CoolingZoneNotSpec
2012-08-04 22:59:47,2012-08-04 23:14:59,SupplyTempTooCold
2012-08-04 20:59:47,2012-08-04 23:29:58,RuntimeExcessive
2012-08-05 10:14:50,2012-08-05 22:14:52,SupplyTempTooCold
2012-08-05 21:29:46,2012-08-05 22:14:52,RuntimeExcessive
2012-08-06 09:59:56,2012-08-06 10:59:56,CoolingZoneNotSpec
2012-08-06 10:59:56,2012-08-06 14:45:00,SupplyTempTooCold
2012-08-06 14:45:00,2012-08-06 20:29:54,CoolingZoneNotSpec
2012-08-06 20:29:54,2012-08-06 21:44:51,SupplyTempTooCold
2012-08-06 21:44:51,2012-08-06 22:15:00,CoolingZoneNotSpec
2012-08-06 20:59:46,2012-08-06 22:44:53,RuntimeExcessive
2012-08-07 09:59:53,2012-08-07 13:14:50,SupplyTempTooCold
2012-08-07 13:14:50,2012-08-07 20:59:50,CoolingZoneNotSpec
2012-08-07 21:14:45,2012-08-07 22:14:50,RuntimeExcessive
2012-08-07 20:59:50,2012-08-07 22:14:50,SupplyTempTooCold
2012-08-08 02:00:20,2012-08-08 02:15:20,Overrides.xml
2012-08-08 02:00:20,2012-08-08 02:15:20,Overrides.xml
2012-08-08 09:59:46,2012-08-08 12:44:51,SupplyTempTooCold
2012-08-08 12:44:51,2012-08-08 20:14:50,CoolingZoneNotSpec
2012-08-08 20:14:50,2012-08-08 22:14:56,SupplyTempTooCold
2012-08-08 20:59:57,2012-08-08 22:14:56,RuntimeExcessive
2012-08-09 09:59:53,2012-08-09 10:44:58,CoolingZoneNotSpec
2012-08-09 10:44:58,2012-08-09 13:44:58,SupplyTempTooCold
2012-08-09 13:44:58,2012-08-09 21:14:55,CoolingZoneNotSpec
2012-08-09 20:59:58,2012-08-09 22:14:59,RuntimeExcessive
2012-08-09 21:14:55,2012-08-09 22:14:59,SupplyTempTooCold
2012-08-10 09:59:57,2012-08-10 11:14:58,CoolingZoneNotSpec
2012-08-10 11:14:58,2012-08-10 15:14:48,SupplyTempTooCold
2012-08-10 15:14:48,2012-08-10 18:59:52,CoolingZoneNotSpec
2012-08-10 18:59:52,2012-08-10 20:44:56,SupplyTempTooCold
2012-08-10 21:14:50,2012-08-10 23:14:57,RuntimeExcessive
2012-08-10 20:44:56,2012-08-10 23:14:57,CoolingZoneNotSpec
2012-08-11 12:15:00,2012-08-11 14:14:47,CoolingZoneNotSpec
2012-08-11 14:14:47,2012-08-11 19:14:51,SupplyTempTooCold
2012-08-11 20:59:58,2012-08-11 23:14:57,RuntimeExcessive
2012-08-11 19:14:51,2012-08-11 23:14:57,CoolingZoneNotSpec
2012-08-12 11:44:49,2012-08-12 11:59:46,SupplyTempTooCold
2012-08-12 12:14:58,2012-08-12 18:44:48,SupplyTempTooCold
2012-08-12 18:44:48,2012-08-12 22:14:45,CoolingZoneNotSpec
2012-08-12 21:29:57,2012-08-12 22:14:45,RuntimeExcessive
2012-08-13 09:59:45,2012-08-13 10:15:00,SupplyTempTooCold
2012-08-13 10:15:00,2012-08-13 10:29:56,CoolingZoneNotSpec
2012-08-13 10:29:56,2012-08-13 15:59:54,SupplyTempTooCold
2012-08-13 15:59:54,2012-08-13 16:59:56,CoolingZoneNotSpec
2012-08-13 16:59:56,2012-08-13 19:29:54,SupplyTempTooCold
2012-08-13 19:29:54,2012-08-13 22:14:56,CoolingZoneNotSpec
2012-08-13 21:14:49,2012-08-13 22:14:56,RuntimeExcessive
2012-08-14 09:59:50,2012-08-14 10:14:47,CoolingZoneNotSpec
2012-08-14 12:14:50,2012-08-14 12:29:46,CoolingZoneNotSpec
2012-08-14 12:45:01,2012-08-14 13:14:53,CoolingZoneNotSpec
2012-08-14 13:14:53,2012-08-14 13:29:50,SupplyTempTooCold
2012-08-14 13:29:50,2012-08-14 14:00:00,CoolingZoneNotSpec
2012-08-14 14:00:00,2012-08-14 14:29:53,SupplyTempTooCold
2012-08-14 14:29:53,2012-08-14 14:44:49,CoolingZoneNotSpec
2012-08-14 14:44:49,2012-08-14 18:44:47,SupplyTempTooCold
2012-08-14 18:44:47,2012-08-14 22:14:52,CoolingZoneNotSpec
2012-08-14 20:59:49,2012-08-14 22:14:52,RuntimeExcessive
2012-08-15 12:29:52,2012-08-15 15:59:49,SupplyTempTooCold
2012-08-15 15:59:49,2012-08-15 19:14:51,CoolingZoneNotSpec
2012-08-15 19:14:51,2012-08-15 22:00:01,SupplyTempTooCold
2012-08-15 20:59:58,2012-08-15 22:14:58,RuntimeExcessive
2012-08-15 22:00:01,2012-08-15 22:14:58,CoolingZoneNotSpec
2012-08-16 09:59:59,2012-08-16 11:59:58,SupplyTempTooCold
2012-08-16 11:59:58,2012-08-16 15:14:58,CoolingZoneNotSpec
2012-08-16 15:14:58,2012-08-16 19:44:55,SupplyTempTooCold
2012-08-16 20:29:46,2012-08-16 20:44:59,CoolingZoneNotSpec
2012-08-16 20:59:54,2012-08-16 21:44:59,CoolingZoneNotSpec
2012-08-16 21:14:50,2012-08-16 22:14:53,RuntimeExcessive
2012-08-17 23:29:47,2012-08-18 00:45:00,SupplyTempTooCold
2012-08-17 20:59:46,2012-08-18 01:59:46,RuntimeExcessive
2012-08-18 10:00:00,2012-08-18 10:29:54,SupplyTempTooCold
2012-08-18 21:14:49,2012-08-18 23:14:59,RuntimeExcessive
2012-08-18 21:59:56,2012-08-18 23:14:59,SupplyTempTooCold
2012-08-19 12:44:52,2012-08-19 12:59:49,SupplyTempTooCold
2012-08-19 13:44:53,2012-08-19 13:59:48,SupplyTempTooCold
2012-08-19 14:29:55,2012-08-19 14:44:51,SupplyTempTooCold
2012-08-19 14:59:49,2012-08-19 15:15:01,SupplyTempTooCold
2012-08-19 15:15:01,2012-08-19 15:29:58,CoolingZoneNotSpec
2012-08-19 15:29:58,2012-08-19 15:59:51,SupplyTempTooCold
2012-08-19 15:59:51,2012-08-19 19:14:45,CoolingZoneNotSpec
2012-08-19 21:44:52,2012-08-19 22:15:01,RuntimeExcessive
2012-08-19 20:44:53,2012-08-19 22:15:01,SupplyTempTooCold
2012-08-20 02:27:17,2012-08-20 02:42:17,Overrides.xml
2012-08-20 09:59:58,2012-08-20 12:29:52,SupplyTempTooCold
2012-08-20 16:15:00,2012-08-20 20:29:59,CoolingZoneNotSpec
2012-08-20 20:44:54,2012-08-20 20:59:50,CoolingZoneNotSpec
2012-08-20 21:14:47,2012-08-20 21:44:56,CoolingZoneNotSpec
2012-08-20 20:59:50,2012-08-20 22:14:49,RuntimeExcessive
2012-08-20 21:59:53,2012-08-20 22:14:49,SupplyTempTooCold
2012-08-21 09:59:56,2012-08-21 10:29:49,SupplyTempTooCold
2012-08-21 10:59:58,2012-08-21 11:14:54,SupplyTempTooCold
2012-08-21 11:44:45,2012-08-21 12:14:53,SupplyTempTooCold
2012-08-21 12:44:47,2012-08-21 19:14:59,SupplyTempTooCold
2012-08-21 19:14:59,2012-08-21 22:14:45,CoolingZoneNotSpec
2012-08-21 21:00:01,2012-08-21 22:14:45,RuntimeExcessive
2012-08-22 10:14:50,2012-08-22 10:45:00,SupplyTempTooCold
2012-08-22 10:59:55,2012-08-22 16:14:55,SupplyTempTooCold
2012-08-22 16:14:55,2012-08-22 18:29:55,CoolingZoneNotSpec
2012-08-22 18:29:55,2012-08-22 19:59:49,SupplyTempTooCold
2012-08-22 19:59:49,2012-08-22 22:14:51,CoolingZoneNotSpec
2012-08-22 20:59:48,2012-08-22 22:14:51,RuntimeExcessive
2012-08-23 09:59:54,2012-08-23 10:29:49,CoolingZoneNotSpec
2012-08-23 10:29:49,2012-08-23 16:59:58,SupplyTempTooCold
2012-08-23 16:59:58,2012-08-23 17:14:54,CoolingZoneNotSpec
2012-08-23 17:14:54,2012-08-23 17:44:45,SupplyTempTooCold
2012-08-23 17:44:45,2012-08-23 18:14:53,CoolingZoneNotSpec
2012-08-23 18:14:53,2012-08-23 20:00:00,SupplyTempTooCold
2012-08-23 20:00:00,2012-08-23 22:14:47,CoolingZoneNotSpec
2012-08-23 20:59:45,2012-08-23 22:14:47,RuntimeExcessive
2012-08-24 09:59:50,2012-08-24 10:29:57,CoolingZoneNotSpec
2012-08-24 11:44:53,2012-08-24 20:44:57,SupplyTempTooCold
2012-08-24 20:44:57,2012-08-24 23:14:45,CoolingZoneNotSpec
2012-08-25 09:59:50,2012-08-25 10:44:52,CoolingZoneNotSpec
2012-08-25 20:59:53,2012-08-25 23:14:58,RuntimeExcessive
2012-08-26 10:59:57,2012-08-26 14:14:56,SupplyTempTooCold
2012-08-26 14:14:56,2012-08-26 14:44:46,CoolingZoneNotSpec
2012-08-26 14:44:46,2012-08-26 14:59:59,SupplyTempTooCold
2012-08-26 14:59:59,2012-08-26 17:14:59,CoolingZoneNotSpec
2012-08-26 17:14:59,2012-08-26 21:14:46,SupplyTempTooCold
2012-08-26 21:29:56,2012-08-26 22:14:57,RuntimeExcessive
2012-08-27 10:44:57,2012-08-27 15:44:50,SupplyTempTooCold
2012-08-27 15:44:50,2012-08-27 16:59:57,CoolingZoneNotSpec
2012-08-27 16:59:57,2012-08-27 18:59:51,SupplyTempTooCold
2012-08-27 18:59:51,2012-08-27 22:29:57,CoolingZoneNotSpec
2012-08-27 20:59:57,2012-08-28 03:14:48,RuntimeExcessive
2012-08-28 02:14:52,2012-08-28 03:14:48,SupplyTempTooCold
2012-08-28 10:14:49,2012-08-28 19:59:47,SupplyTempTooCold
2012-08-28 19:59:47,2012-08-28 21:29:50,CoolingZoneNotSpec
2012-08-28 21:00:00,2012-08-28 22:14:50,RuntimeExcessive
2012-08-28 21:44:45,2012-08-28 22:14:50,CoolingZoneNotSpec
2012-08-29 11:29:54,2012-08-29 15:14:58,SupplyTempTooCold
2012-08-29 15:14:58,2012-08-29 19:29:53,CoolingZoneNotSpec
2012-08-29 19:29:53,2012-08-29 20:59:55,SupplyTempTooCold
2012-08-29 20:59:55,2012-08-29 22:14:47,RuntimeExcessive
2012-08-29 20:59:55,2012-08-29 22:14:47,CoolingZoneNotSpec
2012-08-30 09:59:45,2012-08-30 10:29:52,SupplyTempTooCold
2012-08-30 10:59:58,2012-08-30 13:59:46,SupplyTempTooCold
2012-08-30 13:59:46,2012-08-30 15:44:58,CoolingZoneNotSpec
2012-08-30 15:44:58,2012-08-30 17:59:45,SupplyTempTooCold
2012-08-30 17:59:45,2012-08-30 20:29:59,CoolingZoneNotSpec
2012-08-30 20:59:47,2012-08-30 22:14:56,RuntimeExcessive
2012-08-31 16:14:47,2012-08-31 19:44:58,SupplyTempTooCold
2012-08-31 20:59:47,2012-08-31 23:14:50,RuntimeExcessive
2012-09-01 09:59:54,2012-09-01 13:44:59,SupplyTempTooCold
2012-09-01 14:29:59,2012-09-01 17:44:59,CoolingZoneNotSpec
2012-09-01 17:44:59,2012-09-01 22:15:00,SupplyTempTooCold
2012-09-01 20:59:54,2012-09-01 23:14:57,RuntimeExcessive
2012-09-02 10:59:57,2012-09-02 13:29:54,SupplyTempTooCold
2012-09-02 13:29:54,2012-09-02 19:29:47,CoolingZoneNotSpec
2012-09-02 19:29:47,2012-09-02 20:29:58,SupplyTempTooCold
2012-09-02 20:29:58,2012-09-02 22:14:54,CoolingZoneNotSpec
2012-09-02 21:59:58,2012-09-02 22:14:54,RuntimeExcessive
2012-09-03 10:59:49,2012-09-03 14:14:59,SupplyTempTooCold
2012-09-03 14:14:59,2012-09-03 19:59:55,CoolingZoneNotSpec
2012-09-03 20:59:48,2012-09-03 22:14:55,RuntimeExcessive
2012-09-03 19:59:55,2012-09-03 22:14:55,SupplyTempTooCold
2012-09-04 09:59:58,2012-09-04 12:44:53,SupplyTempTooCold
2012-09-04 13:14:59,2012-09-04 21:29:49,CoolingZoneNotSpec
2012-09-04 21:00:00,2012-09-04 22:14:51,RuntimeExcessive
2012-09-04 21:29:49,2012-09-04 22:14:51,SupplyTempTooCold
2012-09-05 09:59:53,2012-09-05 11:14:46,SupplyTempTooCold
2012-09-05 11:14:46,2012-09-05 20:00:00,CoolingZoneNotSpec
2012-09-05 20:00:00,2012-09-05 21:44:55,SupplyTempTooCold
2012-09-05 21:44:55,2012-09-05 21:59:50,CoolingZoneNotSpec
2012-09-05 20:59:55,2012-09-05 22:14:46,RuntimeExcessive
2012-09-06 10:45:00,2012-09-06 12:14:45,SupplyTempTooCold
2012-09-06 12:14:45,2012-09-06 21:14:48,CoolingZoneNotSpec
2012-09-06 20:59:53,2012-09-06 22:14:46,RuntimeExcessive
2012-09-06 21:14:48,2012-09-06 22:14:46,SupplyTempTooCold
2012-09-07 09:59:47,2012-09-07 12:44:55,SupplyTempTooCold
2012-09-07 12:44:55,2012-09-07 20:59:45,CoolingZoneNotSpec
2012-09-07 20:59:45,2012-09-07 21:14:57,SupplyTempTooCold
2012-09-07 21:14:57,2012-09-07 21:44:47,CoolingZoneNotSpec
2012-09-07 21:44:47,2012-09-07 21:59:57,SupplyTempTooCold
2012-09-07 20:59:45,2012-09-07 23:14:48,RuntimeExcessive
2012-09-07 21:59:57,2012-09-07 23:14:48,CoolingZoneNotSpec
2012-09-08 17:29:50,2012-09-08 18:29:47,CoolingZoneNotSpec
2012-09-08 20:59:45,2012-09-08 23:14:47,RuntimeExcessive
2012-09-08 22:14:51,2012-09-08 23:14:47,SupplyTempTooCold
2012-09-09 15:29:54,2012-09-09 15:44:48,SupplyTempTooCold
2012-09-09 16:44:59,2012-09-09 16:59:53,CoolingZoneNotSpec
2012-09-09 17:59:48,2012-09-09 20:14:51,CoolingZoneNotSpec
2012-09-09 20:29:47,2012-09-09 20:44:58,CoolingZoneNotSpec
2012-09-09 21:59:49,2012-09-09 22:15:00,RuntimeExcessive
2012-09-10 09:59:54,2012-09-10 10:44:54,SupplyTempTooCold
2012-09-10 17:14:50,2012-09-10 18:29:56,CoolingZoneNotSpec
2012-09-10 18:44:50,2012-09-10 19:14:57,CoolingZoneNotSpec
2012-09-10 19:59:58,2012-09-10 20:14:51,CoolingZoneNotSpec
2012-09-10 20:29:47,2012-09-10 20:44:57,CoolingZoneNotSpec
2012-09-10 20:59:53,2012-09-10 22:14:47,RuntimeExcessive
2012-09-10 21:59:50,2012-09-10 22:14:47,SupplyTempTooCold
2012-09-11 15:59:45,2012-09-11 16:14:56,CoolingZoneNotSpec
2012-09-11 16:59:58,2012-09-11 18:44:54,CoolingZoneNotSpec
2012-09-11 20:29:52,2012-09-11 20:44:47,CoolingZoneNotSpec
2012-09-11 20:59:59,2012-09-11 22:14:50,RuntimeExcessive
2012-09-12 20:59:51,2012-09-12 22:14:59,RuntimeExcessive
2012-09-13 14:29:45,2012-09-13 15:29:59,SupplyTempTooCold
2012-09-13 16:29:52,2012-09-13 18:14:49,SupplyTempTooCold
2012-09-13 18:29:45,2012-09-13 18:44:56,CoolingZoneNotSpec
2012-09-13 20:59:58,2012-09-13 22:14:49,RuntimeExcessive
2012-09-14 20:59:54,2012-09-14 23:14:53,RuntimeExcessive
2012-09-15 10:44:56,2012-09-15 10:59:51,SupplyTempTooCold
2012-09-17 02:21:22,2012-09-17 02:36:22,Overrides.xml
2012-09-18 18:59:59,2012-09-18 19:14:54,SupplyTempTooCold
2012-09-19 02:25:29,2012-09-19 02:40:29,strategies.xml
2012-09-26 14:29:58,2012-09-26 15:44:50,SupplyTempTooCold
2012-09-26 20:44:46,2012-09-26 21:44:58,RuntimeExcessive
2012-10-26 02:00:18,2012-10-26 02:15:18,Overrides.xml
2012-10-26 14:05:34,2012-10-26 14:20:34,strategies.xml
2012-10-26 15:58:20,2012-10-26 16:13:20,Overrides.xml
2012-11-03 02:26:23,2012-11-03 02:41:23,Overrides.xml
2012-11-04 00:44:53,2012-11-04 00:44:53,DATACHECK
2012-11-04 00:44:58,2012-11-04 01:00:00,DATACHECK
2012-11-04 00:44:58,2012-11-04 01:00:00,DATACHECK
2012-11-04 00:44:58,2012-11-04 01:00:00,DATACHECK
2012-11-04 00:59:47,2012-11-04 01:14:52,DATACHECK
2012-11-04 00:59:47,2012-11-04 01:14:52,DATACHECK
2012-11-04 00:59:47,2012-11-04 01:14:52,DATACHECK
2012-11-04 00:59:47,2012-11-04 01:14:52,DATACHECK
2012-11-04 00:59:48,2012-11-04 01:14:53,DATACHECK
2012-11-04 00:59:50,2012-11-04 01:14:55,DATACHECK
2012-11-04 00:59:50,2012-11-04 01:14:55,DATACHECK
2012-11-04 00:59:50,2012-11-04 01:14:55,DATACHECK
2012-11-04 00:59:50,2012-11-04 01:14:55,DATACHECK
2012-11-04 00:59:55,2012-11-04 01:15:00,DATACHECK
2012-11-06 15:44:54,2012-11-06 16:29:54,OutputSetToOff
2012-11-08 02:31:24,2012-11-08 02:46:24,Overrides.xml
2012-07-25 08:26:31,2012-11-08 13:14:46,DATACHECK
